GROUP,PACKAGE,CLASS,INSTRUCTION_MISSED,INSTRUCTION_COVERED,BRANCH_MISSED,BRANCH_COVERED,LINE_MISSED,LINE_COVERED,COMPLEXITY_MISSED,COMPLEXITY_COVERED,METHOD_MISSED,METHOD_COVERED
"commons-lang3 (1) (Apr 4, 2019 12:27:37 AM)/commons-lang3/src/main/java",org.apache.commons.lang3.text.translate,JavaUnicodeEscaper,15,34,0,0,3,5,3,3,3,3
"commons-lang3 (1) (Apr 4, 2019 12:27:37 AM)/commons-lang3/src/main/java",org.apache.commons.lang3.text.translate,NumericEntityUnescaper,2,203,5,43,0,42,5,22,0,3
"commons-lang3 (1) (Apr 4, 2019 12:27:37 AM)/commons-lang3/src/main/java",org.apache.commons.lang3.text.translate,CodePointTranslator,0,18,0,2,0,4,0,3,0,2
"commons-lang3 (1) (Apr 4, 2019 12:27:37 AM)/commons-lang3/src/main/java",org.apache.commons.lang3.text.translate,OctalUnescaper,2,114,4,20,0,17,4,12,0,4
"commons-lang3 (1) (Apr 4, 2019 12:27:37 AM)/commons-lang3/src/main/java",org.apache.commons.lang3.text.translate,CharSequenceTranslator,6,105,0,12,2,27,0,11,0,5
"commons-lang3 (1) (Apr 4, 2019 12:27:37 AM)/commons-lang3/src/main/java",org.apache.commons.lang3.text.translate,UnicodeEscaper,15,120,0,18,3,25,2,15,2,6
"commons-lang3 (1) (Apr 4, 2019 12:27:37 AM)/commons-lang3/src/main/java",org.apache.commons.lang3.text.translate,NumericEntityEscaper,0,76,0,10,0,20,0,12,0,7
"commons-lang3 (1) (Apr 4, 2019 12:27:37 AM)/commons-lang3/src/main/java",org.apache.commons.lang3.text.translate,NumericEntityUnescaper.OPTION,0,34,0,0,0,1,0,1,0,1
"commons-lang3 (1) (Apr 4, 2019 12:27:37 AM)/commons-lang3/src/main/java",org.apache.commons.lang3.text.translate,UnicodeUnescaper,0,117,2,14,0,17,2,8,0,2
"commons-lang3 (1) (Apr 4, 2019 12:27:37 AM)/commons-lang3/src/main/java",org.apache.commons.lang3.text.translate,LookupTranslator,0,109,1,13,0,25,1,8,0,2
"commons-lang3 (1) (Apr 4, 2019 12:27:37 AM)/commons-lang3/src/main/java",org.apache.commons.lang3.text.translate,AggregateTranslator,0,37,0,4,0,8,0,4,0,2
"commons-lang3 (1) (Apr 4, 2019 12:27:37 AM)/commons-lang3/src/main/java",org.apache.commons.lang3.text.translate,EntityArrays,0,3450,0,2,0,283,0,14,0,13
"commons-lang3 (1) (Apr 4, 2019 12:27:37 AM)/commons-lang3/src/main/java",org.apache.commons.lang3,Range,23,414,6,72,2,92,6,57,0,24
"commons-lang3 (1) (Apr 4, 2019 12:27:37 AM)/commons-lang3/src/main/java",org.apache.commons.lang3,ClassUtils.new Iterable() {...},0,18,0,0,0,4,0,2,0,2
"commons-lang3 (1) (Apr 4, 2019 12:27:37 AM)/commons-lang3/src/main/java",org.apache.commons.lang3,ObjectUtils.Null,0,5,0,0,0,3,0,2,0,2
"commons-lang3 (1) (Apr 4, 2019 12:27:37 AM)/commons-lang3/src/main/java",org.apache.commons.lang3,Conversion,193,2608,84,376,58,505,75,229,1,43
"commons-lang3 (1) (Apr 4, 2019 12:27:37 AM)/commons-lang3/src/main/java",org.apache.commons.lang3,ArrayUtils,2,5289,12,1092,1,1305,12,774,0,234
"commons-lang3 (1) (Apr 4, 2019 12:27:37 AM)/commons-lang3/src/main/java",org.apache.commons.lang3,AnnotationUtils.new ToStringStyle() {...},6,77,4,4,1,23,4,3,0,3
"commons-lang3 (1) (Apr 4, 2019 12:27:37 AM)/commons-lang3/src/main/java",org.apache.commons.lang3,EnumUtils,0,366,1,25,0,64,1,25,0,13
"commons-lang3 (1) (Apr 4, 2019 12:27:37 AM)/commons-lang3/src/main/java",org.apache.commons.lang3,BooleanUtils,0,789,10,240,0,202,10,157,0,40
"commons-lang3 (1) (Apr 4, 2019 12:27:37 AM)/commons-lang3/src/main/java",org.apache.commons.lang3,BitField,0,150,0,14,0,27,0,25,0,18
"commons-lang3 (1) (Apr 4, 2019 12:27:37 AM)/commons-lang3/src/main/java",org.apache.commons.lang3,CharRange,0,238,1,47,0,44,1,37,0,14
"commons-lang3 (1) (Apr 4, 2019 12:27:37 AM)/commons-lang3/src/main/java",org.apache.commons.lang3,CharSet,0,300,0,34,0,59,0,26,0,9
"commons-lang3 (1) (Apr 4, 2019 12:27:37 AM)/commons-lang3/src/main/java",org.apache.commons.lang3,AnnotationUtils,48,455,9,83,18,94,10,47,1,10
"commons-lang3 (1) (Apr 4, 2019 12:27:37 AM)/commons-lang3/src/main/java",org.apache.commons.lang3,ClassUtils.Interfaces,0,24,0,0,0,2,0,1,0,1
"commons-lang3 (1) (Apr 4, 2019 12:27:37 AM)/commons-lang3/src/main/java",org.apache.commons.lang3,StringUtils,65,5491,38,1215,24,1371,39,780,1,191
"commons-lang3 (1) (Apr 4, 2019 12:27:37 AM)/commons-lang3/src/main/java",org.apache.commons.lang3,CharSequenceUtils,42,142,12,26,12,36,9,18,0,8
"commons-lang3 (1) (Apr 4, 2019 12:27:37 AM)/commons-lang3/src/main/java",org.apache.commons.lang3,ClassUtils,41,1193,14,220,12,292,15,144,1,41
"commons-lang3 (1) (Apr 4, 2019 12:27:37 AM)/commons-lang3/src/main/java",org.apache.commons.lang3,ClassUtils.new Iterable() {...},0,21,0,0,0,5,0,2,0,2
"commons-lang3 (1) (Apr 4, 2019 12:27:37 AM)/commons-lang3/src/main/java",org.apache.commons.lang3,StringEscapeUtils.CsvEscaper,5,61,1,3,1,12,1,4,0,3
"commons-lang3 (1) (Apr 4, 2019 12:27:37 AM)/commons-lang3/src/main/java",org.apache.commons.lang3,Range.ComparableComparator,0,19,0,0,0,3,0,2,0,2
"commons-lang3 (1) (Apr 4, 2019 12:27:37 AM)/commons-lang3/src/main/java",org.apache.commons.lang3,NotImplementedException,0,38,0,0,0,16,0,7,0,7
"commons-lang3 (1) (Apr 4, 2019 12:27:37 AM)/commons-lang3/src/main/java",org.apache.commons.lang3,SerializationUtils,29,130,1,13,7,43,1,12,0,6
"commons-lang3 (1) (Apr 4, 2019 12:27:37 AM)/commons-lang3/src/main/java",org.apache.commons.lang3,LocaleUtils,0,497,2,72,0,97,2,45,0,10
"commons-lang3 (1) (Apr 4, 2019 12:27:37 AM)/commons-lang3/src/main/java",org.apache.commons.lang3,CharUtils,0,279,0,62,0,58,0,55,0,24
"commons-lang3 (1) (Apr 4, 2019 12:27:37 AM)/commons-lang3/src/main/java",org.apache.commons.lang3,SerializationUtils.ClassLoaderAwareObjectInputStream,8,77,1,1,2,21,1,3,0,3
"commons-lang3 (1) (Apr 4, 2019 12:27:37 AM)/commons-lang3/src/main/java",org.apache.commons.lang3,LocaleUtils.SyncAvoid,3,16,0,0,1,4,1,1,1,1
"commons-lang3 (1) (Apr 4, 2019 12:27:37 AM)/commons-lang3/src/main/java",org.apache.commons.lang3,CharEncoding,0,13,0,2,0,6,0,3,0,2
"commons-lang3 (1) (Apr 4, 2019 12:27:37 AM)/commons-lang3/src/main/java",org.apache.commons.lang3,ObjectUtils,31,583,1,87,6,141,1,78,0,35
"commons-lang3 (1) (Apr 4, 2019 12:27:37 AM)/commons-lang3/src/main/java",org.apache.commons.lang3,SystemUtils,24,351,15,25,4,99,15,20,0,15
"commons-lang3 (1) (Apr 4, 2019 12:27:37 AM)/commons-lang3/src/main/java",org.apache.commons.lang3,CharSetUtils,0,226,1,47,0,53,1,31,0,8
"commons-lang3 (1) (Apr 4, 2019 12:27:37 AM)/commons-lang3/src/main/java",org.apache.commons.lang3,Validate,22,569,10,76,6,110,10,72,2,37
"commons-lang3 (1) (Apr 4, 2019 12:27:37 AM)/commons-lang3/src/main/java",org.apache.commons.lang3,RandomStringUtils,13,267,2,54,5,61,3,38,1,12
"commons-lang3 (1) (Apr 4, 2019 12:27:37 AM)/commons-lang3/src/main/java",org.apache.commons.lang3,CharRange.CharacterIterator,4,126,0,18,1,35,1,13,1,4
"commons-lang3 (1) (Apr 4, 2019 12:27:37 AM)/commons-lang3/src/main/java",org.apache.commons.lang3,JavaVersion,0,195,0,20,0,45,0,16,0,6
"commons-lang3 (1) (Apr 4, 2019 12:27:37 AM)/commons-lang3/src/main/java",org.apache.commons.lang3,StringEscapeUtils.CsvUnescaper,5,82,2,6,1,14,2,5,0,3
"commons-lang3 (1) (Apr 4, 2019 12:27:37 AM)/commons-lang3/src/main/java",org.apache.commons.lang3,SerializationException,0,16,0,0,0,8,0,4,0,4
"commons-lang3 (1) (Apr 4, 2019 12:27:37 AM)/commons-lang3/src/main/java",org.apache.commons.lang3,StringEscapeUtils,8,503,0,0,2,86,2,14,2,14
"commons-lang3 (1) (Apr 4, 2019 12:27:37 AM)/commons-lang3/src/main/java",org.apache.commons.lang3.reflect,TypeUtils.WildcardTypeImpl,38,29,6,0,7,7,6,4,3,4
"commons-lang3 (1) (Apr 4, 2019 12:27:37 AM)/commons-lang3/src/main/java",org.apache.commons.lang3.reflect,MemberUtils,5,214,6,38,1,44,7,24,1,8
"commons-lang3 (1) (Apr 4, 2019 12:27:37 AM)/commons-lang3/src/main/java",org.apache.commons.lang3.reflect,TypeUtils,859,1429,181,219,171,323,136,118,9,45
"commons-lang3 (1) (Apr 4, 2019 12:27:37 AM)/commons-lang3/src/main/java",org.apache.commons.lang3.reflect,InheritanceUtils,0,42,0,10,0,12,0,7,0,2
"commons-lang3 (1) (Apr 4, 2019 12:27:37 AM)/commons-lang3/src/main/java",org.apache.commons.lang3.reflect,TypeUtils.WildcardTypeBuilder,5,14,0,0,2,3,1,2,1,2
"commons-lang3 (1) (Apr 4, 2019 12:27:37 AM)/commons-lang3/src/main/java",org.apache.commons.lang3.reflect,ConstructorUtils,15,162,4,14,4,43,5,12,1,7
"commons-lang3 (1) (Apr 4, 2019 12:27:37 AM)/commons-lang3/src/main/java",org.apache.commons.lang3.reflect,FieldUtils,15,640,8,60,3,125,9,57,1,31
"commons-lang3 (1) (Apr 4, 2019 12:27:37 AM)/commons-lang3/src/main/java",org.apache.commons.lang3.reflect,TypeLiteral,13,68,2,2,4,12,4,4,2,4
"commons-lang3 (1) (Apr 4, 2019 12:27:37 AM)/commons-lang3/src/main/java",org.apache.commons.lang3.reflect,TypeUtils.ParameterizedTypeImpl,32,39,3,3,7,10,4,6,1,6
"commons-lang3 (1) (Apr 4, 2019 12:27:37 AM)/commons-lang3/src/main/java",org.apache.commons.lang3.reflect,TypeUtils.GenericArrayTypeImpl,25,12,6,0,4,5,5,3,2,3
"commons-lang3 (1) (Apr 4, 2019 12:27:37 AM)/commons-lang3/src/main/java",org.apache.commons.lang3.reflect,TypeUtils.new Typed() {...},0,9,0,0,0,3,0,2,0,2
"commons-lang3 (1) (Apr 4, 2019 12:27:37 AM)/commons-lang3/src/main/java",org.apache.commons.lang3.reflect,MethodUtils,28,428,7,43,11,114,6,34,0,15
"commons-lang3 (1) (Apr 4, 2019 12:27:37 AM)/commons-lang3/src/main/java",org.apache.commons.lang3.event,EventUtils.EventBindingInvocationHandler,0,60,0,8,0,11,0,7,0,3
"commons-lang3 (1) (Apr 4, 2019 12:27:37 AM)/commons-lang3/src/main/java",org.apache.commons.lang3.event,EventListenerSupport,0,185,0,2,0,44,0,15,0,14
"commons-lang3 (1) (Apr 4, 2019 12:27:37 AM)/commons-lang3/src/main/java",org.apache.commons.lang3.event,EventUtils,26,80,0,0,4,13,0,3,0,3
"commons-lang3 (1) (Apr 4, 2019 12:27:37 AM)/commons-lang3/src/main/java",org.apache.commons.lang3.event,EventListenerSupport.ProxyInvocationHandler,0,26,0,2,0,4,0,3,0,2
"commons-lang3 (1) (Apr 4, 2019 12:27:37 AM)/commons-lang3/src/main/java",org.apache.commons.lang3.math,NumberUtils,40,1473,43,307,7,383,37,188,0,49
"commons-lang3 (1) (Apr 4, 2019 12:27:37 AM)/commons-lang3/src/main/java",org.apache.commons.lang3.math,Fraction,32,1274,16,180,6,287,14,119,0,35
"commons-lang3 (1) (Apr 4, 2019 12:27:37 AM)/commons-lang3/src/main/java",org.apache.commons.lang3.math,IEEE754rUtils,0,223,0,40,0,57,0,33,0,13
"commons-lang3 (1) (Apr 4, 2019 12:27:37 AM)/commons-lang3/src/main/java",org.apache.commons.lang3.concurrent,ConcurrentUtils.ConstantFuture,0,18,0,0,0,8,0,6,0,6
"commons-lang3 (1) (Apr 4, 2019 12:27:37 AM)/commons-lang3/src/main/java",org.apache.commons.lang3.concurrent,ConcurrentRuntimeException,3,11,0,0,2,4,1,2,1,2
"commons-lang3 (1) (Apr 4, 2019 12:27:37 AM)/commons-lang3/src/main/java",org.apache.commons.lang3.concurrent,BasicThreadFactory,0,107,0,10,0,30,0,14,0,9
"commons-lang3 (1) (Apr 4, 2019 12:27:37 AM)/commons-lang3/src/main/java",org.apache.commons.lang3.concurrent,ConstantInitializer,0,57,0,6,0,14,0,9,0,6
"commons-lang3 (1) (Apr 4, 2019 12:27:37 AM)/commons-lang3/src/main/java",org.apache.commons.lang3.concurrent,BackgroundInitializer,4,102,0,10,2,33,0,17,0,12
"commons-lang3 (1) (Apr 4, 2019 12:27:37 AM)/commons-lang3/src/main/java",org.apache.commons.lang3.concurrent,CallableBackgroundInitializer,0,31,0,2,0,12,0,5,0,4
"commons-lang3 (1) (Apr 4, 2019 12:27:37 AM)/commons-lang3/src/main/java",org.apache.commons.lang3.concurrent,BasicThreadFactory.Builder,0,77,0,6,0,29,0,11,0,8
"commons-lang3 (1) (Apr 4, 2019 12:27:37 AM)/commons-lang3/src/main/java",org.apache.commons.lang3.concurrent,LazyInitializer,0,28,1,3,0,8,1,3,0,2
"commons-lang3 (1) (Apr 4, 2019 12:27:37 AM)/commons-lang3/src/main/java",org.apache.commons.lang3.concurrent,MultiBackgroundInitializer,0,159,0,14,0,37,0,12,0,5
"commons-lang3 (1) (Apr 4, 2019 12:27:37 AM)/commons-lang3/src/main/java",org.apache.commons.lang3.concurrent,AtomicInitializer,4,25,1,3,1,7,1,3,0,2
"commons-lang3 (1) (Apr 4, 2019 12:27:37 AM)/commons-lang3/src/main/java",org.apache.commons.lang3.concurrent,TimedSemaphore.new Runnable() {...},0,10,0,0,0,4,0,2,0,2
"commons-lang3 (1) (Apr 4, 2019 12:27:37 AM)/commons-lang3/src/main/java",org.apache.commons.lang3.concurrent,AtomicSafeInitializer,0,33,0,4,0,8,0,4,0,2
"commons-lang3 (1) (Apr 4, 2019 12:27:37 AM)/commons-lang3/src/main/java",org.apache.commons.lang3.concurrent,MultiBackgroundInitializer.MultiBackgroundInitializerResults,0,74,0,2,0,19,0,9,0,8
"commons-lang3 (1) (Apr 4, 2019 12:27:37 AM)/commons-lang3/src/main/java",org.apache.commons.lang3.concurrent,ConcurrentUtils,0,157,0,34,0,43,0,29,0,12
"commons-lang3 (1) (Apr 4, 2019 12:27:37 AM)/commons-lang3/src/main/java",org.apache.commons.lang3.concurrent,BackgroundInitializer.InitializationTask,0,21,0,2,0,6,0,3,0,2
"commons-lang3 (1) (Apr 4, 2019 12:27:37 AM)/commons-lang3/src/main/java",org.apache.commons.lang3.concurrent,ConcurrentException,3,11,0,0,2,4,1,2,1,2
"commons-lang3 (1) (Apr 4, 2019 12:27:37 AM)/commons-lang3/src/main/java",org.apache.commons.lang3.concurrent,TimedSemaphore,0,203,0,24,0,58,0,28,0,16
"commons-lang3 (1) (Apr 4, 2019 12:27:37 AM)/commons-lang3/src/main/java",org.apache.commons.lang3.tuple,MutableTriple,0,43,0,0,0,17,0,9,0,9
"commons-lang3 (1) (Apr 4, 2019 12:27:37 AM)/commons-lang3/src/main/java",org.apache.commons.lang3.tuple,Triple,4,130,2,14,0,19,2,13,0,7
"commons-lang3 (1) (Apr 4, 2019 12:27:37 AM)/commons-lang3/src/main/java",org.apache.commons.lang3.tuple,MutablePair,0,40,0,0,0,16,0,8,0,8
"commons-lang3 (1) (Apr 4, 2019 12:27:37 AM)/commons-lang3/src/main/java",org.apache.commons.lang3.tuple,Pair,2,107,1,11,0,17,1,14,0,9
"commons-lang3 (1) (Apr 4, 2019 12:27:37 AM)/commons-lang3/src/main/java",org.apache.commons.lang3.tuple,ImmutableTriple,0,28,0,0,0,9,0,5,0,5
"commons-lang3 (1) (Apr 4, 2019 12:27:37 AM)/commons-lang3/src/main/java",org.apache.commons.lang3.tuple,ImmutablePair,4,21,0,0,1,7,1,4,1,4
"commons-lang3 (1) (Apr 4, 2019 12:27:37 AM)/commons-lang3/src/main/java",org.apache.commons.lang3.exception,DefaultExceptionContext,0,227,0,24,0,49,0,20,0,8
"commons-lang3 (1) (Apr 4, 2019 12:27:37 AM)/commons-lang3/src/main/java",org.apache.commons.lang3.exception,ContextedException,0,97,0,2,0,28,0,15,0,14
"commons-lang3 (1) (Apr 4, 2019 12:27:37 AM)/commons-lang3/src/main/java",org.apache.commons.lang3.exception,ExceptionUtils,46,566,6,80,14,139,7,62,3,23
"commons-lang3 (1) (Apr 4, 2019 12:27:37 AM)/commons-lang3/src/main/java",org.apache.commons.lang3.exception,ContextedRuntimeException,0,97,0,2,0,28,0,15,0,14
"commons-lang3 (1) (Apr 4, 2019 12:27:37 AM)/commons-lang3/src/main/java",org.apache.commons.lang3.exception,CloneFailedException,8,5,0,0,4,2,2,1,2,1
"commons-lang3 (1) (Apr 4, 2019 12:27:37 AM)/commons-lang3/src/main/java",org.apache.commons.lang3.mutable,MutableShort,0,147,0,8,0,41,0,27,0,23
"commons-lang3 (1) (Apr 4, 2019 12:27:37 AM)/commons-lang3/src/main/java",org.apache.commons.lang3.mutable,MutableObject,0,59,0,10,0,18,0,12,0,7
"commons-lang3 (1) (Apr 4, 2019 12:27:37 AM)/commons-lang3/src/main/java",org.apache.commons.lang3.mutable,MutableDouble,0,146,0,4,0,42,0,26,0,24
"commons-lang3 (1) (Apr 4, 2019 12:27:37 AM)/commons-lang3/src/main/java",org.apache.commons.lang3.mutable,MutableBoolean,0,90,0,12,0,24,0,20,0,14
"commons-lang3 (1) (Apr 4, 2019 12:27:37 AM)/commons-lang3/src/main/java",org.apache.commons.lang3.mutable,MutableLong,0,147,0,8,0,40,0,26,0,22
"commons-lang3 (1) (Apr 4, 2019 12:27:37 AM)/commons-lang3/src/main/java",org.apache.commons.lang3.mutable,MutableInt,0,138,0,8,0,40,0,26,0,22
"commons-lang3 (1) (Apr 4, 2019 12:27:37 AM)/commons-lang3/src/main/java",org.apache.commons.lang3.mutable,MutableFloat,0,138,0,4,0,41,0,26,0,24
"commons-lang3 (1) (Apr 4, 2019 12:27:37 AM)/commons-lang3/src/main/java",org.apache.commons.lang3.mutable,MutableByte,0,147,0,8,0,41,0,27,0,23
"commons-lang3 (1) (Apr 4, 2019 12:27:37 AM)/commons-lang3/src/main/java",org.apache.commons.lang3.builder,ToStringStyle.NoFieldNameToStringStyle,2,6,0,0,1,3,1,1,1,1
"commons-lang3 (1) (Apr 4, 2019 12:27:37 AM)/commons-lang3/src/main/java",org.apache.commons.lang3.builder,ReflectionToStringBuilder,61,302,1,39,8,76,6,40,5,21
"commons-lang3 (1) (Apr 4, 2019 12:27:37 AM)/commons-lang3/src/main/java",org.apache.commons.lang3.builder,CompareToBuilder,55,984,30,210,21,237,32,118,2,28
"commons-lang3 (1) (Apr 4, 2019 12:27:37 AM)/commons-lang3/src/main/java",org.apache.commons.lang3.builder,ToStringStyle.ShortPrefixToStringStyle,2,9,0,0,1,4,1,1,1,1
"commons-lang3 (1) (Apr 4, 2019 12:27:37 AM)/commons-lang3/src/main/java",org.apache.commons.lang3.builder,ToStringStyle,182,1542,27,191,42,469,43,179,16,97
"commons-lang3 (1) (Apr 4, 2019 12:27:37 AM)/commons-lang3/src/main/java",org.apache.commons.lang3.builder,IDKey,6,31,3,3,2,9,3,3,0,3
"commons-lang3 (1) (Apr 4, 2019 12:27:37 AM)/commons-lang3/src/main/java",org.apache.commons.lang3.builder,ToStringStyle.SimpleToStringStyle,2,18,0,0,1,7,1,1,1,1
"commons-lang3 (1) (Apr 4, 2019 12:27:37 AM)/commons-lang3/src/main/java",org.apache.commons.lang3.builder,EqualsBuilder,94,934,48,186,38,227,49,103,1,34
"commons-lang3 (1) (Apr 4, 2019 12:27:37 AM)/commons-lang3/src/main/java",org.apache.commons.lang3.builder,ToStringBuilder,195,394,1,11,38,95,20,50,19,45
"commons-lang3 (1) (Apr 4, 2019 12:27:37 AM)/commons-lang3/src/main/java",org.apache.commons.lang3.builder,HashCodeBuilder,34,736,4,90,5,155,7,76,3,33
"commons-lang3 (1) (Apr 4, 2019 12:27:37 AM)/commons-lang3/src/main/java",org.apache.commons.lang3.builder,ToStringStyle.MultiLineToStringStyle,2,29,0,0,1,6,1,1,1,1
"commons-lang3 (1) (Apr 4, 2019 12:27:37 AM)/commons-lang3/src/main/java",org.apache.commons.lang3.builder,StandardToStringStyle,97,46,0,0,39,23,29,12,29,12
"commons-lang3 (1) (Apr 4, 2019 12:27:37 AM)/commons-lang3/src/main/java",org.apache.commons.lang3.builder,ToStringStyle.DefaultToStringStyle,2,3,0,0,1,2,1,1,1,1
"commons-lang3 (1) (Apr 4, 2019 12:27:37 AM)/commons-lang3/src/main/java",org.apache.commons.lang3.time,DurationFormatUtils.Token,6,111,1,15,1,30,2,15,1,8
"commons-lang3 (1) (Apr 4, 2019 12:27:37 AM)/commons-lang3/src/main/java",org.apache.commons.lang3.time,FastDatePrinter.TwelveHourField,12,22,1,1,3,8,2,3,1,3
"commons-lang3 (1) (Apr 4, 2019 12:27:37 AM)/commons-lang3/src/main/java",org.apache.commons.lang3.time,StopWatch.SplitState,0,24,0,0,0,3,0,1,0,1
"commons-lang3 (1) (Apr 4, 2019 12:27:37 AM)/commons-lang3/src/main/java",org.apache.commons.lang3.time,FastDatePrinter.TimeZoneDisplayKey,6,61,5,7,2,15,5,4,0,3
"commons-lang3 (1) (Apr 4, 2019 12:27:37 AM)/commons-lang3/src/main/java",org.apache.commons.lang3.time,FastDatePrinter,50,690,13,89,10,168,12,74,2,23
"commons-lang3 (1) (Apr 4, 2019 12:27:37 AM)/commons-lang3/src/main/java",org.apache.commons.lang3.time,FormatCache,22,177,3,17,5,39,3,16,0,9
"commons-lang3 (1) (Apr 4, 2019 12:27:37 AM)/commons-lang3/src/main/java",org.apache.commons.lang3.time,DateFormatUtils,6,149,0,0,1,38,1,17,1,17
"commons-lang3 (1) (Apr 4, 2019 12:27:37 AM)/commons-lang3/src/main/java",org.apache.commons.lang3.time,FastDateParser.TimeZoneStrategy,12,191,1,23,1,35,1,14,0,3
"commons-lang3 (1) (Apr 4, 2019 12:27:37 AM)/commons-lang3/src/main/java",org.apache.commons.lang3.time,DateUtils,66,1379,22,196,12,313,24,152,4,56
"commons-lang3 (1) (Apr 4, 2019 12:27:37 AM)/commons-lang3/src/main/java",org.apache.commons.lang3.time,FastDatePrinter.StringLiteral,0,16,0,0,0,6,0,3,0,3
"commons-lang3 (1) (Apr 4, 2019 12:27:37 AM)/commons-lang3/src/main/java",org.apache.commons.lang3.time,FastDatePrinter.CharacterLiteral,0,14,0,0,0,6,0,3,0,3
"commons-lang3 (1) (Apr 4, 2019 12:27:37 AM)/commons-lang3/src/main/java",org.apache.commons.lang3.time,FastDatePrinter.PaddedNumberField,5,93,2,10,1,23,2,8,0,4
"commons-lang3 (1) (Apr 4, 2019 12:27:37 AM)/commons-lang3/src/main/java",org.apache.commons.lang3.time,FastDateFormat,34,230,0,2,6,38,6,32,6,31
"commons-lang3 (1) (Apr 4, 2019 12:27:37 AM)/commons-lang3/src/main/java",org.apache.commons.lang3.time,DateUtils.DateIterator,0,44,0,2,0,11,0,5,0,4
"commons-lang3 (1) (Apr 4, 2019 12:27:37 AM)/commons-lang3/src/main/java",org.apache.commons.lang3.time,FastDateParser.new FastDateParser.NumberStrategy() {...},0,19,0,2,0,7,0,3,0,2
"commons-lang3 (1) (Apr 4, 2019 12:27:37 AM)/commons-lang3/src/main/java",org.apache.commons.lang3.time,FastDateParser.new FastDateParser.NumberStrategy() {...},0,8,0,0,0,3,0,2,0,2
"commons-lang3 (1) (Apr 4, 2019 12:27:37 AM)/commons-lang3/src/main/java",org.apache.commons.lang3.time,FastDatePrinter.UnpaddedMonthField,18,31,1,1,2,10,1,5,0,5
"commons-lang3 (1) (Apr 4, 2019 12:27:37 AM)/commons-lang3/src/main/java",org.apache.commons.lang3.time,DurationFormatUtils,31,852,11,122,12,220,12,70,1,11
"commons-lang3 (1) (Apr 4, 2019 12:27:37 AM)/commons-lang3/src/main/java",org.apache.commons.lang3.time,FastDateParser.new FastDateParser.NumberStrategy() {...},0,8,0,0,0,3,0,2,0,2
"commons-lang3 (1) (Apr 4, 2019 12:27:37 AM)/commons-lang3/src/main/java",org.apache.commons.lang3.time,StopWatch,5,221,1,29,1,59,1,32,0,18
"commons-lang3 (1) (Apr 4, 2019 12:27:37 AM)/commons-lang3/src/main/java",org.apache.commons.lang3.time,FastDateParser,43,662,9,70,9,143,11,61,2,21
"commons-lang3 (1) (Apr 4, 2019 12:27:37 AM)/commons-lang3/src/main/java",org.apache.commons.lang3.time,FastDatePrinter.TextField,0,43,0,4,0,12,0,5,0,3
"commons-lang3 (1) (Apr 4, 2019 12:27:37 AM)/commons-lang3/src/main/java",org.apache.commons.lang3.time,FastDatePrinter.TwoDigitMonthField,0,38,0,0,0,9,0,5,0,5
"commons-lang3 (1) (Apr 4, 2019 12:27:37 AM)/commons-lang3/src/main/java",org.apache.commons.lang3.time,StopWatch.State,0,44,0,0,0,5,0,1,0,1
"commons-lang3 (1) (Apr 4, 2019 12:27:37 AM)/commons-lang3/src/main/java",org.apache.commons.lang3.time,FormatCache.MultipartKey,0,50,0,6,0,11,0,6,0,3
"commons-lang3 (1) (Apr 4, 2019 12:27:37 AM)/commons-lang3/src/main/java",org.apache.commons.lang3.time,FastDateParser.Strategy,1,2,0,0,1,1,1,1,1,1
"commons-lang3 (1) (Apr 4, 2019 12:27:37 AM)/commons-lang3/src/main/java",org.apache.commons.lang3.time,FastDatePrinter.TwentyFourHourField,24,10,2,0,7,4,3,2,2,2
"commons-lang3 (1) (Apr 4, 2019 12:27:37 AM)/commons-lang3/src/main/java",org.apache.commons.lang3.time,FastDatePrinter.TwoDigitNumberField,0,44,0,2,0,12,0,5,0,4
"commons-lang3 (1) (Apr 4, 2019 12:27:37 AM)/commons-lang3/src/main/java",org.apache.commons.lang3.time,FastDateFormat.new FormatCache() {...},0,10,0,0,0,3,0,2,0,2
"commons-lang3 (1) (Apr 4, 2019 12:27:37 AM)/commons-lang3/src/main/java",org.apache.commons.lang3.time,FastDatePrinter.TimeZoneNameRule,0,63,0,4,0,14,0,5,0,3
"commons-lang3 (1) (Apr 4, 2019 12:27:37 AM)/commons-lang3/src/main/java",org.apache.commons.lang3.time,FastDatePrinter.UnpaddedNumberField,0,55,0,4,0,14,0,6,0,4
"commons-lang3 (1) (Apr 4, 2019 12:27:37 AM)/commons-lang3/src/main/java",org.apache.commons.lang3.time,FastDatePrinter.TimeZoneNumberRule,0,97,0,4,0,21,0,6,0,4
"commons-lang3 (1) (Apr 4, 2019 12:27:37 AM)/commons-lang3/src/main/java",org.apache.commons.lang3.time,FastDateParser.TextStrategy,41,61,3,3,6,13,2,4,0,3
"commons-lang3 (1) (Apr 4, 2019 12:27:37 AM)/commons-lang3/src/main/java",org.apache.commons.lang3.time,FastDateParser.NumberStrategy,0,39,0,2,0,12,0,6,0,5
"commons-lang3 (1) (Apr 4, 2019 12:27:37 AM)/commons-lang3/src/main/java",org.apache.commons.lang3.time,FastDateParser.new FastDateParser.NumberStrategy() {...},0,8,0,0,0,3,0,2,0,2
"commons-lang3 (1) (Apr 4, 2019 12:27:37 AM)/commons-lang3/src/main/java",org.apache.commons.lang3.time,FastDateParser.CopyQuotedStrategy,0,31,0,2,0,9,0,4,0,3
"commons-lang3 (1) (Apr 4, 2019 12:27:37 AM)/commons-lang3/src/main/java",org.apache.commons.lang3.time,FastDatePrinter.TwoDigitYearField,0,38,0,0,0,9,0,5,0,5
"commons-lang3 (1) (Apr 4, 2019 12:27:37 AM)/commons-lang3/src/main/java",org.apache.commons.lang3.text,FormattableUtils,12,113,1,15,3,14,3,11,2,4
"commons-lang3 (1) (Apr 4, 2019 12:27:37 AM)/commons-lang3/src/main/java",org.apache.commons.lang3.text,StrMatcher.TrimMatcher,0,12,0,2,0,3,0,3,0,2
"commons-lang3 (1) (Apr 4, 2019 12:27:37 AM)/commons-lang3/src/main/java",org.apache.commons.lang3.text,StrLookup,3,32,0,0,1,13,0,5,0,5
"commons-lang3 (1) (Apr 4, 2019 12:27:37 AM)/commons-lang3/src/main/java",org.apache.commons.lang3.text,StrLookup.MapStrLookup,0,23,0,4,0,9,0,4,0,2
"commons-lang3 (1) (Apr 4, 2019 12:27:37 AM)/commons-lang3/src/main/java",org.apache.commons.lang3.text,StrBuilder.StrBuilderTokenizer,8,27,2,2,2,8,2,3,0,3
"commons-lang3 (1) (Apr 4, 2019 12:27:37 AM)/commons-lang3/src/main/java",org.apache.commons.lang3.text,StrTokenizer,51,920,2,90,19,232,8,103,6,59
"commons-lang3 (1) (Apr 4, 2019 12:27:37 AM)/commons-lang3/src/main/java",org.apache.commons.lang3.text,StrMatcher.NoMatcher,0,5,0,0,0,3,0,2,0,2
"commons-lang3 (1) (Apr 4, 2019 12:27:37 AM)/commons-lang3/src/main/java",org.apache.commons.lang3.text,StrMatcher.CharMatcher,0,16,0,2,0,4,0,3,0,2
"commons-lang3 (1) (Apr 4, 2019 12:27:37 AM)/commons-lang3/src/main/java",org.apache.commons.lang3.text,WordUtils,0,435,0,76,0,115,0,51,0,13
"commons-lang3 (1) (Apr 4, 2019 12:27:37 AM)/commons-lang3/src/main/java",org.apache.commons.lang3.text,StrBuilder.StrBuilderWriter,0,43,0,0,0,15,0,8,0,8
"commons-lang3 (1) (Apr 4, 2019 12:27:37 AM)/commons-lang3/src/main/java",org.apache.commons.lang3.text,StrMatcher,0,135,0,12,0,35,0,22,0,16
"commons-lang3 (1) (Apr 4, 2019 12:27:37 AM)/commons-lang3/src/main/java",org.apache.commons.lang3.text,StrMatcher.StringMatcher,0,40,0,6,0,10,0,5,0,2
"commons-lang3 (1) (Apr 4, 2019 12:27:37 AM)/commons-lang3/src/main/java",org.apache.commons.lang3.text,StrBuilder,25,3201,9,477,7,690,11,377,2,143
"commons-lang3 (1) (Apr 4, 2019 12:27:37 AM)/commons-lang3/src/main/java",org.apache.commons.lang3.text,StrMatcher.CharSetMatcher,0,22,0,2,0,5,0,3,0,2
"commons-lang3 (1) (Apr 4, 2019 12:27:37 AM)/commons-lang3/src/main/java",org.apache.commons.lang3.text,CompositeFormat,0,34,0,0,0,9,0,6,0,6
"commons-lang3 (1) (Apr 4, 2019 12:27:37 AM)/commons-lang3/src/main/java",org.apache.commons.lang3.text,StrBuilder.StrBuilderReader,0,148,1,23,0,31,1,20,0,9
"commons-lang3 (1) (Apr 4, 2019 12:27:37 AM)/commons-lang3/src/main/java",org.apache.commons.lang3.text,ExtendedMessageFormat,171,606,39,72,39,151,39,40,5,16
"commons-lang3 (1) (Apr 4, 2019 12:27:37 AM)/commons-lang3/src/main/java",org.apache.commons.lang3.text,StrSubstitutor,15,983,7,97,7,265,7,99,0,54
"commons-lang3 (1) (Apr 4, 2019 12:27:37 AM)/commons-lang3/src/test/java",org.apache.commons.lang3,RangeTest,27,1029,2,2,6,172,4,24,2,24
"commons-lang3 (1) (Apr 4, 2019 12:27:37 AM)/commons-lang3/src/test/java",org.apache.commons.lang3,ClassUtilsTest.new Object() {...},0,6,0,0,0,2,0,1,0,1
"commons-lang3 (1) (Apr 4, 2019 12:27:37 AM)/commons-lang3/src/test/java",org.apache.commons.lang3,CharRangeTest,43,988,13,15,7,258,13,18,0,17
"commons-lang3 (1) (Apr 4, 2019 12:27:37 AM)/commons-lang3/src/test/java",org.apache.commons.lang3,StringUtilsStartsEndsWithTest,0,550,0,0,0,92,0,7,0,7
"commons-lang3 (1) (Apr 4, 2019 12:27:37 AM)/commons-lang3/src/test/java",org.apache.commons.lang3,AnnotationUtilsTest.Stooge,0,54,0,0,0,2,0,1,0,1
"commons-lang3 (1) (Apr 4, 2019 12:27:37 AM)/commons-lang3/src/test/java",org.apache.commons.lang3,ArrayUtilsTest,213,11971,15,15,32,2256,15,197,0,197
"commons-lang3 (1) (Apr 4, 2019 12:27:37 AM)/commons-lang3/src/test/java",org.apache.commons.lang3,ClassUtilsTest.new Object() {...},0,6,0,0,0,2,0,1,0,1
"commons-lang3 (1) (Apr 4, 2019 12:27:37 AM)/commons-lang3/src/test/java",org.apache.commons.lang3,BitFieldTest,12,844,6,24,0,124,6,26,0,17
"commons-lang3 (1) (Apr 4, 2019 12:27:37 AM)/commons-lang3/src/test/java",org.apache.commons.lang3,CharEncodingTest,31,97,3,3,5,37,4,8,1,8
"commons-lang3 (1) (Apr 4, 2019 12:27:37 AM)/commons-lang3/src/test/java",org.apache.commons.lang3,EnumUtilsTest,714,992,0,0,82,114,18,19,18,19
"commons-lang3 (1) (Apr 4, 2019 12:27:37 AM)/commons-lang3/src/test/java",org.apache.commons.lang3,AnnotationUtilsTest.new InvocationHandler() {...},16,43,8,6,2,7,6,3,0,2
"commons-lang3 (1) (Apr 4, 2019 12:27:37 AM)/commons-lang3/src/test/java",org.apache.commons.lang3,CharUtilsPerfRun,297,0,24,0,64,0,21,0,9,0
"commons-lang3 (1) (Apr 4, 2019 12:27:37 AM)/commons-lang3/src/test/java",org.apache.commons.lang3,StringUtilsTest,110,9873,6,90,21,1550,6,155,0,113
"commons-lang3 (1) (Apr 4, 2019 12:27:37 AM)/commons-lang3/src/test/java",org.apache.commons.lang3,ClassUtilsTest.new Object() {...},0,6,0,0,0,2,0,1,0,1
"commons-lang3 (1) (Apr 4, 2019 12:27:37 AM)/commons-lang3/src/test/java",org.apache.commons.lang3,ObjectUtilsTest.CloneableString,0,8,0,0,0,3,0,2,0,2
"commons-lang3 (1) (Apr 4, 2019 12:27:37 AM)/commons-lang3/src/test/java",org.apache.commons.lang3,NotImplementedExceptionTest,0,138,0,0,0,22,0,3,0,3
"commons-lang3 (1) (Apr 4, 2019 12:27:37 AM)/commons-lang3/src/test/java",org.apache.commons.lang3,RangeTest.new Comparator() {...},0,8,0,0,0,3,0,2,0,2
"commons-lang3 (1) (Apr 4, 2019 12:27:37 AM)/commons-lang3/src/test/java",org.apache.commons.lang3,StringUtilsTrimEmptyTest,0,743,0,0,0,168,0,16,0,16
"commons-lang3 (1) (Apr 4, 2019 12:27:37 AM)/commons-lang3/src/test/java",org.apache.commons.lang3,Traffic,0,34,0,0,0,2,0,1,0,1
"commons-lang3 (1) (Apr 4, 2019 12:27:37 AM)/commons-lang3/src/test/java",org.apache.commons.lang3,ConversionTest,287,11694,4,2,41,1320,3,45,1,44
"commons-lang3 (1) (Apr 4, 2019 12:27:37 AM)/commons-lang3/src/test/java",org.apache.commons.lang3,ClassUtilsTest.new Cloneable() {...},0,6,0,0,0,2,0,1,0,1
"commons-lang3 (1) (Apr 4, 2019 12:27:37 AM)/commons-lang3/src/test/java",org.apache.commons.lang3,SerializationUtilsTest,86,743,9,19,32,184,9,32,0,27
"commons-lang3 (1) (Apr 4, 2019 12:27:37 AM)/commons-lang3/src/test/java",org.apache.commons.lang3,ClassUtilsTest.new Object() {...},0,6,0,0,0,2,0,1,0,1
"commons-lang3 (1) (Apr 4, 2019 12:27:37 AM)/commons-lang3/src/test/java",org.apache.commons.lang3,ClassNotFoundSerialization,0,8,0,0,0,2,0,2,0,2
"commons-lang3 (1) (Apr 4, 2019 12:27:37 AM)/commons-lang3/src/test/java",org.apache.commons.lang3,SystemUtilsTest,208,696,23,11,84,203,17,12,0,12
"commons-lang3 (1) (Apr 4, 2019 12:27:37 AM)/commons-lang3/src/test/java",org.apache.commons.lang3,StringUtilsTest.new Object() {...},0,5,0,0,0,3,0,2,0,2
"commons-lang3 (1) (Apr 4, 2019 12:27:37 AM)/commons-lang3/src/test/java",org.apache.commons.lang3,RandomStringUtilsTest,153,898,24,78,30,161,24,41,0,13
"commons-lang3 (1) (Apr 4, 2019 12:27:37 AM)/commons-lang3/src/test/java",org.apache.commons.lang3,StringEscapeUtilsTest,99,1165,0,14,36,264,0,41,0,34
"commons-lang3 (1) (Apr 4, 2019 12:27:37 AM)/commons-lang3/src/test/java",org.apache.commons.lang3,StringUtilsEqualsIndexOfTest,0,3848,0,6,0,654,0,54,0,51
"commons-lang3 (1) (Apr 4, 2019 12:27:37 AM)/commons-lang3/src/test/java",org.apache.commons.lang3,RangeTest.new Comparable() {...},0,8,0,0,0,3,0,2,0,2
"commons-lang3 (1) (Apr 4, 2019 12:27:37 AM)/commons-lang3/src/test/java",org.apache.commons.lang3,ClassUtilsTest.new Object() {...},0,6,0,0,0,2,0,1,0,1
"commons-lang3 (1) (Apr 4, 2019 12:27:37 AM)/commons-lang3/src/test/java",org.apache.commons.lang3,ObjectUtilsTest.CharSequenceComparator,0,9,0,0,0,2,0,2,0,2
"commons-lang3 (1) (Apr 4, 2019 12:27:37 AM)/commons-lang3/src/test/java",org.apache.commons.lang3,ValidateTest,507,1146,0,0,128,352,0,55,0,55
"commons-lang3 (1) (Apr 4, 2019 12:27:37 AM)/commons-lang3/src/test/java",org.apache.commons.lang3,ClassUtilsTest.CY,4,0,0,0,1,0,1,0,1,0
"commons-lang3 (1) (Apr 4, 2019 12:27:37 AM)/commons-lang3/src/test/java",org.apache.commons.lang3,JavaVersionTest,0,90,0,0,0,21,0,4,0,4
"commons-lang3 (1) (Apr 4, 2019 12:27:37 AM)/commons-lang3/src/test/java",org.apache.commons.lang3,ObjectUtilsTest.NonComparableCharSequence,15,12,0,0,3,5,3,2,3,2
"commons-lang3 (1) (Apr 4, 2019 12:27:37 AM)/commons-lang3/src/test/java",org.apache.commons.lang3,StringUtilsIsTest,0,335,0,0,0,117,0,9,0,9
"commons-lang3 (1) (Apr 4, 2019 12:27:37 AM)/commons-lang3/src/test/java",org.apache.commons.lang3,HashSetvBitSetTest,2,457,2,20,0,90,2,22,0,13
"commons-lang3 (1) (Apr 4, 2019 12:27:37 AM)/commons-lang3/src/test/java",org.apache.commons.lang3,BooleanUtilsTest,194,1970,24,24,50,602,49,47,25,47
"commons-lang3 (1) (Apr 4, 2019 12:27:37 AM)/commons-lang3/src/test/java",org.apache.commons.lang3,ClassUtilsTest.new Object() {...},0,6,0,0,0,2,0,1,0,1
"commons-lang3 (1) (Apr 4, 2019 12:27:37 AM)/commons-lang3/src/test/java",org.apache.commons.lang3,CharUtilsTest,30,830,3,69,7,206,3,58,0,25
"commons-lang3 (1) (Apr 4, 2019 12:27:37 AM)/commons-lang3/src/test/java",org.apache.commons.lang3,ClassUtilsTest.Inner.DeeplyNested,6,0,0,0,1,0,1,0,1,0
"commons-lang3 (1) (Apr 4, 2019 12:27:37 AM)/commons-lang3/src/test/java",org.apache.commons.lang3,StringUtilsSubstringTest,0,996,0,0,0,208,0,14,0,14
"commons-lang3 (1) (Apr 4, 2019 12:27:37 AM)/commons-lang3/src/test/java",org.apache.commons.lang3,ObjectUtilsTest,158,1540,3,3,42,251,7,33,4,33
"commons-lang3 (1) (Apr 4, 2019 12:27:37 AM)/commons-lang3/src/test/java",org.apache.commons.lang3,ArrayUtilsRemoveMultipleTest,427,8656,0,0,54,758,27,29,27,29
"commons-lang3 (1) (Apr 4, 2019 12:27:37 AM)/commons-lang3/src/test/java",org.apache.commons.lang3,CharSetTest,0,1614,0,0,0,317,0,15,0,15
"commons-lang3 (1) (Apr 4, 2019 12:27:37 AM)/commons-lang3/src/test/java",org.apache.commons.lang3,SerializationUtilsTest.new OutputStream() {...},0,11,0,0,0,3,0,2,0,2
"commons-lang3 (1) (Apr 4, 2019 12:27:37 AM)/commons-lang3/src/test/java",org.apache.commons.lang3,ClassUtilsTest.new Object() {...},0,6,0,0,0,2,0,1,0,1
"commons-lang3 (1) (Apr 4, 2019 12:27:37 AM)/commons-lang3/src/test/java",org.apache.commons.lang3,AnnotationUtilsTest,0,394,0,4,0,67,0,14,0,12
"commons-lang3 (1) (Apr 4, 2019 12:27:37 AM)/commons-lang3/src/test/java",org.apache.commons.lang3,ArrayUtilsTest.new Map.Entry() {...},12,10,0,0,3,4,3,3,3,3
"commons-lang3 (1) (Apr 4, 2019 12:27:37 AM)/commons-lang3/src/test/java",org.apache.commons.lang3,ArrayUtilsRemoveTest,343,1939,0,0,54,292,0,20,0,20
"commons-lang3 (1) (Apr 4, 2019 12:27:37 AM)/commons-lang3/src/test/java",org.apache.commons.lang3,ClassUtilsTest,43,3769,0,6,10,799,0,61,0,58
"commons-lang3 (1) (Apr 4, 2019 12:27:37 AM)/commons-lang3/src/test/java",org.apache.commons.lang3,CharSequenceUtilsTest,30,73,0,0,4,19,0,3,0,3
"commons-lang3 (1) (Apr 4, 2019 12:27:37 AM)/commons-lang3/src/test/java",org.apache.commons.lang3,TooMany,0,654,0,0,0,4,0,1,0,1
"commons-lang3 (1) (Apr 4, 2019 12:27:37 AM)/commons-lang3/src/test/java",org.apache.commons.lang3,RangeTest.new Comparator() {...},0,8,0,0,0,3,0,2,0,2
"commons-lang3 (1) (Apr 4, 2019 12:27:37 AM)/commons-lang3/src/test/java",org.apache.commons.lang3,LocaleUtilsTest,216,867,17,35,59,240,17,33,0,24
"commons-lang3 (1) (Apr 4, 2019 12:27:37 AM)/commons-lang3/src/test/java",org.apache.commons.lang3,ClassUtilsTest.new Object() {...},0,6,0,0,0,2,0,1,0,1
"commons-lang3 (1) (Apr 4, 2019 12:27:37 AM)/commons-lang3/src/test/java",org.apache.commons.lang3,ArrayUtilsAddTest,317,3228,0,0,30,373,0,14,0,14
"commons-lang3 (1) (Apr 4, 2019 12:27:37 AM)/commons-lang3/src/test/java",org.apache.commons.lang3,StringUtilsEqualsIndexOfTest.CustomCharSequence,17,31,1,3,3,9,4,5,3,4
"commons-lang3 (1) (Apr 4, 2019 12:27:37 AM)/commons-lang3/src/test/java",org.apache.commons.lang3,ObjectUtilsTest.UncloneableString,0,4,0,0,0,2,0,1,0,1
"commons-lang3 (1) (Apr 4, 2019 12:27:37 AM)/commons-lang3/src/test/java",org.apache.commons.lang3,CharSetUtilsTest,0,1215,0,0,0,155,0,12,0,12
"commons-lang3 (1) (Apr 4, 2019 12:27:37 AM)/commons-lang3/src/test/java",org.apache.commons.lang3.reflect,MethodUtilsTest.ParentObject,3,0,0,0,1,0,1,0,1,0
"commons-lang3 (1) (Apr 4, 2019 12:27:37 AM)/commons-lang3/src/test/java",org.apache.commons.lang3.reflect,AClass.GClass,6,0,0,0,1,0,1,0,1,0
"commons-lang3 (1) (Apr 4, 2019 12:27:37 AM)/commons-lang3/src/test/java",org.apache.commons.lang3.reflect,MethodUtilsTest.TestBeanWithInterfaces,5,0,0,0,2,0,2,0,2,0
"commons-lang3 (1) (Apr 4, 2019 12:27:37 AM)/commons-lang3/src/test/java",org.apache.commons.lang3.reflect,TypeLiteralTest.new TypeLiteral() {...},0,6,0,0,0,2,0,1,0,1
"commons-lang3 (1) (Apr 4, 2019 12:27:37 AM)/commons-lang3/src/test/java",org.apache.commons.lang3.reflect,MethodUtilsTest.InheritanceBean,9,0,0,0,7,0,7,0,7,0
"commons-lang3 (1) (Apr 4, 2019 12:27:37 AM)/commons-lang3/src/test/java",org.apache.commons.lang3.reflect,AClass.DClass,7,0,0,0,1,0,1,0,1,0
"commons-lang3 (1) (Apr 4, 2019 12:27:37 AM)/commons-lang3/src/test/java",org.apache.commons.lang3.reflect,TypeLiteralTest.new TypeLiteral() {...},0,6,0,0,0,2,0,1,0,1
"commons-lang3 (1) (Apr 4, 2019 12:27:37 AM)/commons-lang3/src/test/java",org.apache.commons.lang3.reflect,TypeLiteralTest,4,83,0,0,2,14,1,4,1,4
"commons-lang3 (1) (Apr 4, 2019 12:27:37 AM)/commons-lang3/src/test/java",org.apache.commons.lang3.reflect,TypeLiteralTest.new TypeLiteral() {...},0,6,0,0,0,2,0,1,0,1
"commons-lang3 (1) (Apr 4, 2019 12:27:37 AM)/commons-lang3/src/test/java",org.apache.commons.lang3.reflect,ConstructorUtilsTest.PrivateClass,3,0,0,0,2,0,1,0,1,0
"commons-lang3 (1) (Apr 4, 2019 12:27:37 AM)/commons-lang3/src/test/java",org.apache.commons.lang3.reflect,TypeLiteralTest.new TypeLiteral() {...},0,6,0,0,0,2,0,1,0,1
"commons-lang3 (1) (Apr 4, 2019 12:27:37 AM)/commons-lang3/src/test/java",org.apache.commons.lang3.reflect,MethodUtilsTest.GrandParentObject,3,0,0,0,1,0,1,0,1,0
"commons-lang3 (1) (Apr 4, 2019 12:27:37 AM)/commons-lang3/src/test/java",org.apache.commons.lang3.reflect,AClass.EClass,7,0,0,0,1,0,1,0,1,0
"commons-lang3 (1) (Apr 4, 2019 12:27:37 AM)/commons-lang3/src/test/java",org.apache.commons.lang3.reflect,TypeLiteralTest.new TypeLiteral() {...},0,6,0,0,0,2,0,1,0,1
"commons-lang3 (1) (Apr 4, 2019 12:27:37 AM)/commons-lang3/src/test/java",org.apache.commons.lang3.reflect,TypeLiteralTest.new TypeLiteral() {...},0,6,0,0,0,2,0,1,0,1
"commons-lang3 (1) (Apr 4, 2019 12:27:37 AM)/commons-lang3/src/test/java",org.apache.commons.lang3.reflect,TypeUtilsTest.Tester,6,0,0,0,1,0,1,0,1,0
"commons-lang3 (1) (Apr 4, 2019 12:27:37 AM)/commons-lang3/src/test/java",org.apache.commons.lang3.reflect,TypeLiteralTest.new TypeLiteral() {...},0,6,0,0,0,2,0,1,0,1
"commons-lang3 (1) (Apr 4, 2019 12:27:37 AM)/commons-lang3/src/test/java",org.apache.commons.lang3.reflect,FieldUtilsTest,960,1815,0,0,258,439,19,37,19,37
"commons-lang3 (1) (Apr 4, 2019 12:27:37 AM)/commons-lang3/src/test/java",org.apache.commons.lang3.reflect,TypeLiteralTest.new TypeLiteral() {...},0,6,0,0,0,2,0,1,0,1
"commons-lang3 (1) (Apr 4, 2019 12:27:37 AM)/commons-lang3/src/test/java",org.apache.commons.lang3.reflect,AAClass.BBClass,0,6,0,0,0,1,0,1,0,1
"commons-lang3 (1) (Apr 4, 2019 12:27:37 AM)/commons-lang3/src/test/java",org.apache.commons.lang3.reflect,TypeUtilsTest.Thing,7,0,0,0,1,0,1,0,1,0
"commons-lang3 (1) (Apr 4, 2019 12:27:37 AM)/commons-lang3/src/test/java",org.apache.commons.lang3.reflect,TypeUtilsTest.The,7,0,0,0,1,0,1,0,1,0
"commons-lang3 (1) (Apr 4, 2019 12:27:37 AM)/commons-lang3/src/test/java",org.apache.commons.lang3.reflect,TypeUtilsTest,6,2280,1,3,3,490,4,21,3,20
"commons-lang3 (1) (Apr 4, 2019 12:27:37 AM)/commons-lang3/src/test/java",org.apache.commons.lang3.reflect,InheritanceUtilsTest,0,81,0,0,0,22,0,10,0,10
"commons-lang3 (1) (Apr 4, 2019 12:27:37 AM)/commons-lang3/src/test/java",org.apache.commons.lang3.reflect,AAAClass.BBBClass,7,0,0,0,1,0,1,0,1,0
"commons-lang3 (1) (Apr 4, 2019 12:27:37 AM)/commons-lang3/src/test/java",org.apache.commons.lang3.reflect,TypeLiteralTest.new TypeLiteral() {...},0,6,0,0,0,2,0,1,0,1
"commons-lang3 (1) (Apr 4, 2019 12:27:37 AM)/commons-lang3/src/test/java",org.apache.commons.lang3.reflect,TypeUtilsTest.Other,6,0,0,0,1,0,1,0,1,0
"commons-lang3 (1) (Apr 4, 2019 12:27:37 AM)/commons-lang3/src/test/java",org.apache.commons.lang3.reflect,MethodUtilsTest.TestMutable,3,0,0,0,2,0,2,0,2,0
"commons-lang3 (1) (Apr 4, 2019 12:27:37 AM)/commons-lang3/src/test/java",org.apache.commons.lang3.reflect,AClass.CClass,7,0,0,0,1,0,1,0,1,0
"commons-lang3 (1) (Apr 4, 2019 12:27:37 AM)/commons-lang3/src/test/java",org.apache.commons.lang3.reflect,ConstructorUtilsTest.TestBean,0,39,0,0,0,19,0,7,0,7
"commons-lang3 (1) (Apr 4, 2019 12:27:37 AM)/commons-lang3/src/test/java",org.apache.commons.lang3.reflect,MethodUtilsTest.ChildObject,3,0,0,0,1,0,1,0,1,0
"commons-lang3 (1) (Apr 4, 2019 12:27:37 AM)/commons-lang3/src/test/java",org.apache.commons.lang3.reflect,MethodUtilsTest.MethodDescriptor,0,12,0,0,0,5,0,1,0,1
"commons-lang3 (1) (Apr 4, 2019 12:27:37 AM)/commons-lang3/src/test/java",org.apache.commons.lang3.reflect,MethodUtilsTest.TestBean,3,27,0,0,3,13,3,13,3,13
"commons-lang3 (1) (Apr 4, 2019 12:27:37 AM)/commons-lang3/src/test/java",org.apache.commons.lang3.reflect,AAAClass,3,0,0,0,1,0,1,0,1,0
"commons-lang3 (1) (Apr 4, 2019 12:27:37 AM)/commons-lang3/src/test/java",org.apache.commons.lang3.reflect,AClass.BClass,6,0,0,0,1,0,1,0,1,0
"commons-lang3 (1) (Apr 4, 2019 12:27:37 AM)/commons-lang3/src/test/java",org.apache.commons.lang3.reflect,AClass,0,7,0,0,0,2,0,1,0,1
"commons-lang3 (1) (Apr 4, 2019 12:27:37 AM)/commons-lang3/src/test/java",org.apache.commons.lang3.reflect,TypeLiteralTest.new TypeLiteral() {...},0,6,0,0,0,2,0,1,0,1
"commons-lang3 (1) (Apr 4, 2019 12:27:37 AM)/commons-lang3/src/test/java",org.apache.commons.lang3.reflect,MethodUtilsTest,66,1059,0,14,11,219,0,27,0,20
"commons-lang3 (1) (Apr 4, 2019 12:27:37 AM)/commons-lang3/src/test/java",org.apache.commons.lang3.reflect,AAClass,0,3,0,0,0,1,0,1,0,1
"commons-lang3 (1) (Apr 4, 2019 12:27:37 AM)/commons-lang3/src/test/java",org.apache.commons.lang3.reflect,ConstructorUtilsTest,15,466,0,2,3,114,0,13,0,12
"commons-lang3 (1) (Apr 4, 2019 12:27:37 AM)/commons-lang3/src/test/java",org.apache.commons.lang3.reflect,TypeLiteralTest.new TypeLiteral() {...},3,3,0,0,1,1,0,1,0,1
"commons-lang3 (1) (Apr 4, 2019 12:27:37 AM)/commons-lang3/src/test/java",org.apache.commons.lang3.reflect,TypeUtilsTest.That,6,0,0,0,1,0,1,0,1,0
"commons-lang3 (1) (Apr 4, 2019 12:27:37 AM)/commons-lang3/src/test/java",org.apache.commons.lang3.reflect,AClass.FClass,7,0,0,0,1,0,1,0,1,0
"commons-lang3 (1) (Apr 4, 2019 12:27:37 AM)/commons-lang3/src/test/java",org.apache.commons.lang3.event,EventUtilsTest.EventCounterWithEvent,0,13,0,0,0,4,0,3,0,3
"commons-lang3 (1) (Apr 4, 2019 12:27:37 AM)/commons-lang3/src/test/java",org.apache.commons.lang3.event,EventUtilsTest,24,281,0,0,9,55,0,9,0,9
"commons-lang3 (1) (Apr 4, 2019 12:27:37 AM)/commons-lang3/src/test/java",org.apache.commons.lang3.event,EventUtilsTest.EventCountingInvociationHandler,11,54,1,3,1,12,1,5,0,4
"commons-lang3 (1) (Apr 4, 2019 12:27:37 AM)/commons-lang3/src/test/java",org.apache.commons.lang3.event,EventUtilsTest.PropertyChangeSource,6,31,0,0,3,8,2,3,2,3
"commons-lang3 (1) (Apr 4, 2019 12:27:37 AM)/commons-lang3/src/test/java",org.apache.commons.lang3.event,EventUtilsTest.new PropertyChangeListener() {...},1,6,0,0,1,2,1,1,1,1
"commons-lang3 (1) (Apr 4, 2019 12:27:37 AM)/commons-lang3/src/test/java",org.apache.commons.lang3.event,EventUtilsTest.MultipleEventSource,0,12,0,0,0,4,0,2,0,2
"commons-lang3 (1) (Apr 4, 2019 12:27:37 AM)/commons-lang3/src/test/java",org.apache.commons.lang3.event,EventListenerSupportTest.new VetoableChangeListener() {...},1,6,0,0,1,2,1,1,1,1
"commons-lang3 (1) (Apr 4, 2019 12:27:37 AM)/commons-lang3/src/test/java",org.apache.commons.lang3.event,EventUtilsTest.ExceptionEventSource,0,7,0,0,0,2,0,2,0,2
"commons-lang3 (1) (Apr 4, 2019 12:27:37 AM)/commons-lang3/src/test/java",org.apache.commons.lang3.event,EventUtilsTest.EventCounter,0,13,0,0,0,4,0,3,0,3
"commons-lang3 (1) (Apr 4, 2019 12:27:37 AM)/commons-lang3/src/test/java",org.apache.commons.lang3.event,EventListenerSupportTest.new VetoableChangeListener() {...},0,14,0,0,0,4,0,2,0,2
"commons-lang3 (1) (Apr 4, 2019 12:27:37 AM)/commons-lang3/src/test/java",org.apache.commons.lang3.event,EventListenerSupportTest.new VetoableChangeListener() {...},0,15,0,0,0,4,0,2,0,2
"commons-lang3 (1) (Apr 4, 2019 12:27:37 AM)/commons-lang3/src/test/java",org.apache.commons.lang3.event,EventListenerSupportTest.new EventListenerSupport() {...},0,13,0,0,0,3,0,2,0,2
"commons-lang3 (1) (Apr 4, 2019 12:27:37 AM)/commons-lang3/src/test/java",org.apache.commons.lang3.event,EventListenerSupportTest,16,350,0,2,8,75,2,11,2,10
"commons-lang3 (1) (Apr 4, 2019 12:27:37 AM)/commons-lang3/src/test/java",org.apache.commons.lang3.tuple,TripleTest,16,308,16,16,0,62,16,11,0,11
"commons-lang3 (1) (Apr 4, 2019 12:27:37 AM)/commons-lang3/src/test/java",org.apache.commons.lang3.tuple,ImmutablePairTest,0,214,0,0,0,46,0,7,0,7
"commons-lang3 (1) (Apr 4, 2019 12:27:37 AM)/commons-lang3/src/test/java",org.apache.commons.lang3.tuple,ImmutableTripleTest,0,294,0,0,0,57,0,7,0,7
"commons-lang3 (1) (Apr 4, 2019 12:27:37 AM)/commons-lang3/src/test/java",org.apache.commons.lang3.tuple,PairTest,10,251,9,9,0,56,9,10,0,10
"commons-lang3 (1) (Apr 4, 2019 12:27:37 AM)/commons-lang3/src/test/java",org.apache.commons.lang3.tuple,MutableTripleTest,0,291,0,0,0,59,0,9,0,9
"commons-lang3 (1) (Apr 4, 2019 12:27:37 AM)/commons-lang3/src/test/java",org.apache.commons.lang3.tuple,MutablePairTest,0,215,0,0,0,48,0,9,0,9
"commons-lang3 (1) (Apr 4, 2019 12:27:37 AM)/commons-lang3/src/test/java",org.apache.commons.lang3.exception,ExceptionUtilsTest.ExceptionWithCause,0,20,0,0,0,9,0,4,0,4
"commons-lang3 (1) (Apr 4, 2019 12:27:37 AM)/commons-lang3/src/test/java",org.apache.commons.lang3.exception,ContextedExceptionTest,14,304,14,14,0,53,14,9,0,9
"commons-lang3 (1) (Apr 4, 2019 12:27:37 AM)/commons-lang3/src/test/java",org.apache.commons.lang3.exception,ExceptionUtilsTest.ExceptionWithoutCause,1,0,0,0,1,0,1,0,1,0
"commons-lang3 (1) (Apr 4, 2019 12:27:37 AM)/commons-lang3/src/test/java",org.apache.commons.lang3.exception,DefaultExceptionContextTest,0,23,0,0,0,7,0,3,0,3
"commons-lang3 (1) (Apr 4, 2019 12:27:37 AM)/commons-lang3/src/test/java",org.apache.commons.lang3.exception,ExceptionUtilsTest.NestableException,3,4,0,0,1,1,1,1,1,1
"commons-lang3 (1) (Apr 4, 2019 12:27:37 AM)/commons-lang3/src/test/java",org.apache.commons.lang3.exception,ExceptionUtilsTest,23,1348,6,10,8,256,7,34,1,32
"commons-lang3 (1) (Apr 4, 2019 12:27:37 AM)/commons-lang3/src/test/java",org.apache.commons.lang3.exception,ContextedRuntimeExceptionTest,14,305,14,14,0,54,14,9,0,9
"commons-lang3 (1) (Apr 4, 2019 12:27:37 AM)/commons-lang3/src/test/java",org.apache.commons.lang3.exception,AbstractExceptionContextTest,18,513,17,17,0,88,17,9,0,9
"commons-lang3 (1) (Apr 4, 2019 12:27:37 AM)/commons-lang3/src/test/java",org.apache.commons.lang3.exception,AbstractExceptionContextTest.ObjectWithFaultyToString,0,8,0,0,0,2,0,2,0,2
"commons-lang3 (1) (Apr 4, 2019 12:27:37 AM)/commons-lang3/src/test/java",org.apache.commons.lang3.exception,ContextedRuntimeExceptionTest.new DefaultExceptionContext() {...},0,6,0,0,0,2,0,1,0,1
"commons-lang3 (1) (Apr 4, 2019 12:27:37 AM)/commons-lang3/src/test/java",org.apache.commons.lang3.text,StrTokenizerTest,35,2417,4,22,12,539,4,69,0,60
"commons-lang3 (1) (Apr 4, 2019 12:27:37 AM)/commons-lang3/src/test/java",org.apache.commons.lang3.text,StrBuilderAppendInsertTest.new StrBuilder() {...},0,32,0,0,0,6,0,3,0,3
"commons-lang3 (1) (Apr 4, 2019 12:27:37 AM)/commons-lang3/src/test/java",org.apache.commons.lang3.text,StrBuilderAppendInsertTest.new StrBuilder() {...},0,34,0,0,0,6,0,3,0,3
"commons-lang3 (1) (Apr 4, 2019 12:27:37 AM)/commons-lang3/src/test/java",org.apache.commons.lang3.text,StrBuilderAppendInsertTest.new StrBuilder() {...},0,32,0,0,0,6,0,3,0,3
"commons-lang3 (1) (Apr 4, 2019 12:27:37 AM)/commons-lang3/src/test/java",org.apache.commons.lang3.text,StrMatcherTest,0,651,0,0,0,123,0,16,0,16
"commons-lang3 (1) (Apr 4, 2019 12:27:37 AM)/commons-lang3/src/test/java",org.apache.commons.lang3.text,StrTokenizerTest.new StrTokenizer() {...},0,11,0,0,0,3,0,2,0,2
"commons-lang3 (1) (Apr 4, 2019 12:27:37 AM)/commons-lang3/src/test/java",org.apache.commons.lang3.text,StrBuilderAppendInsertTest.new StrBuilder() {...},0,32,0,0,0,6,0,3,0,3
"commons-lang3 (1) (Apr 4, 2019 12:27:37 AM)/commons-lang3/src/test/java",org.apache.commons.lang3.text,StrBuilderAppendInsertTest.new StrBuilder() {...},0,34,0,0,0,6,0,3,0,3
"commons-lang3 (1) (Apr 4, 2019 12:27:37 AM)/commons-lang3/src/test/java",org.apache.commons.lang3.text,CompositeFormatTest,0,78,0,0,0,16,0,3,0,3
"commons-lang3 (1) (Apr 4, 2019 12:27:37 AM)/commons-lang3/src/test/java",org.apache.commons.lang3.text,ExtendedMessageFormatTest.UpperCaseFormatFactory,0,8,0,0,0,2,0,2,0,2
"commons-lang3 (1) (Apr 4, 2019 12:27:37 AM)/commons-lang3/src/test/java",org.apache.commons.lang3.text,StrBuilderAppendInsertTest.new StrBuilder() {...},0,32,0,0,0,6,0,3,0,3
"commons-lang3 (1) (Apr 4, 2019 12:27:37 AM)/commons-lang3/src/test/java",org.apache.commons.lang3.text,StrBuilderAppendInsertTest.new StrBuilder() {...},0,34,0,0,0,6,0,3,0,3
"commons-lang3 (1) (Apr 4, 2019 12:27:37 AM)/commons-lang3/src/test/java",org.apache.commons.lang3.text,StrLookupTest,6,104,0,0,2,24,0,5,0,5
"commons-lang3 (1) (Apr 4, 2019 12:27:37 AM)/commons-lang3/src/test/java",org.apache.commons.lang3.text,StrTokenizerTest.new StrTokenizer() {...},0,17,0,0,0,5,0,2,0,2
"commons-lang3 (1) (Apr 4, 2019 12:27:37 AM)/commons-lang3/src/test/java",org.apache.commons.lang3.text,CompositeFormatTest.new Format() {...},5,8,0,0,1,3,1,2,1,2
"commons-lang3 (1) (Apr 4, 2019 12:27:37 AM)/commons-lang3/src/test/java",org.apache.commons.lang3.text,StrBuilderAppendInsertTest.new StrBuilder() {...},0,32,0,0,0,6,0,3,0,3
"commons-lang3 (1) (Apr 4, 2019 12:27:37 AM)/commons-lang3/src/test/java",org.apache.commons.lang3.text,StrSubstitutorTest.new StrSubstitutor() {...},0,27,0,0,0,7,0,2,0,2
"commons-lang3 (1) (Apr 4, 2019 12:27:37 AM)/commons-lang3/src/test/java",org.apache.commons.lang3.text,CompositeFormatTest.new Format() {...},5,8,0,0,1,3,1,2,1,2
"commons-lang3 (1) (Apr 4, 2019 12:27:37 AM)/commons-lang3/src/test/java",org.apache.commons.lang3.text,StrBuilderAppendInsertTest.new StrBuilder() {...},0,32,0,0,0,6,0,3,0,3
"commons-lang3 (1) (Apr 4, 2019 12:27:37 AM)/commons-lang3/src/test/java",org.apache.commons.lang3.text,WordUtilsTest,0,1201,0,0,0,249,0,13,0,13
"commons-lang3 (1) (Apr 4, 2019 12:27:37 AM)/commons-lang3/src/test/java",org.apache.commons.lang3.text,ExtendedMessageFormatTest.OtherExtendedMessageFormat,0,6,0,0,0,2,0,1,0,1
"commons-lang3 (1) (Apr 4, 2019 12:27:37 AM)/commons-lang3/src/test/java",org.apache.commons.lang3.text,ExtendedMessageFormatTest.LowerCaseFormatFactory,0,8,0,0,0,2,0,2,0,2
"commons-lang3 (1) (Apr 4, 2019 12:27:37 AM)/commons-lang3/src/test/java",org.apache.commons.lang3.text,StrBuilderTest.new StrMatcher() {...},0,26,1,7,0,7,1,5,0,2
"commons-lang3 (1) (Apr 4, 2019 12:27:37 AM)/commons-lang3/src/test/java",org.apache.commons.lang3.text,StrBuilderAppendInsertTest.new Object() {...},0,5,0,0,0,3,0,2,0,2
"commons-lang3 (1) (Apr 4, 2019 12:27:37 AM)/commons-lang3/src/test/java",org.apache.commons.lang3.text,StrBuilderTest,335,5588,20,20,80,1147,20,81,0,81
"commons-lang3 (1) (Apr 4, 2019 12:27:37 AM)/commons-lang3/src/test/java",org.apache.commons.lang3.text,ExtendedMessageFormatTest.OverrideShortDateFormatFactory,2,13,1,3,0,4,1,2,0,1
"commons-lang3 (1) (Apr 4, 2019 12:27:37 AM)/commons-lang3/src/test/java",org.apache.commons.lang3.text,StrBuilderAppendInsertTest.new StrBuilder() {...},0,34,0,0,0,6,0,3,0,3
"commons-lang3 (1) (Apr 4, 2019 12:27:37 AM)/commons-lang3/src/test/java",org.apache.commons.lang3.text,StrBuilderAppendInsertTest,886,3375,0,0,116,716,0,53,0,53
"commons-lang3 (1) (Apr 4, 2019 12:27:37 AM)/commons-lang3/src/test/java",org.apache.commons.lang3.text,StrTokenizerTest.new StrTokenizer() {...},0,14,0,0,0,3,0,2,0,2
"commons-lang3 (1) (Apr 4, 2019 12:27:37 AM)/commons-lang3/src/test/java",org.apache.commons.lang3.text,StrSubstitutorTest,38,1343,0,18,12,339,0,53,0,44
"commons-lang3 (1) (Apr 4, 2019 12:27:37 AM)/commons-lang3/src/test/java",org.apache.commons.lang3.text,StrBuilderAppendInsertTest.new StrBuilder() {...},0,34,0,0,0,6,0,3,0,3
"commons-lang3 (1) (Apr 4, 2019 12:27:37 AM)/commons-lang3/src/test/java",org.apache.commons.lang3.text,ExtendedMessageFormatTest,8,924,7,25,0,161,7,25,0,16
"commons-lang3 (1) (Apr 4, 2019 12:27:37 AM)/commons-lang3/src/test/java",org.apache.commons.lang3.text,FormattableUtilsTest,11,739,0,0,2,66,1,5,1,5
"commons-lang3 (1) (Apr 4, 2019 12:27:37 AM)/commons-lang3/src/test/java",org.apache.commons.lang3.text,ExtendedMessageFormatTest.LowerCaseFormat,4,6,0,0,1,1,1,1,1,1
"commons-lang3 (1) (Apr 4, 2019 12:27:37 AM)/commons-lang3/src/test/java",org.apache.commons.lang3.text,ExtendedMessageFormatTest.UpperCaseFormat,4,6,0,0,1,1,1,1,1,1
"commons-lang3 (1) (Apr 4, 2019 12:27:37 AM)/commons-lang3/src/test/java",org.apache.commons.lang3.time,FastDateFormatTest.new SimpleDateFormat() {...},0,17,0,0,0,4,0,2,0,2
"commons-lang3 (1) (Apr 4, 2019 12:27:37 AM)/commons-lang3/src/test/java",org.apache.commons.lang3.time,FastDatePrinterTest,0,593,0,4,0,138,0,23,0,21
"commons-lang3 (1) (Apr 4, 2019 12:27:37 AM)/commons-lang3/src/test/java",org.apache.commons.lang3.time,FastDateFormatTest,15,532,11,13,2,150,11,16,0,15
"commons-lang3 (1) (Apr 4, 2019 12:27:37 AM)/commons-lang3/src/test/java",org.apache.commons.lang3.time,DateUtilsFragmentTest,130,776,0,0,40,253,0,54,0,54
"commons-lang3 (1) (Apr 4, 2019 12:27:37 AM)/commons-lang3/src/test/java",org.apache.commons.lang3.time,DateUtilsTest,349,4533,5,11,99,1135,6,49,1,46
"commons-lang3 (1) (Apr 4, 2019 12:27:37 AM)/commons-lang3/src/test/java",org.apache.commons.lang3.time,DateUtilsRoundingTest,0,1462,0,0,0,289,0,27,0,27
"commons-lang3 (1) (Apr 4, 2019 12:27:37 AM)/commons-lang3/src/test/java",org.apache.commons.lang3.time,FastDateFormat_ParserTest,0,8,0,0,0,2,0,2,0,2
"commons-lang3 (1) (Apr 4, 2019 12:27:37 AM)/commons-lang3/src/test/java",org.apache.commons.lang3.time,FastDateParserTest,142,1222,11,39,13,252,9,56,1,39
"commons-lang3 (1) (Apr 4, 2019 12:27:37 AM)/commons-lang3/src/test/java",org.apache.commons.lang3.time,FastDateFormat_PrinterTest,0,8,0,0,0,2,0,2,0,2
"commons-lang3 (1) (Apr 4, 2019 12:27:37 AM)/commons-lang3/src/test/java",org.apache.commons.lang3.time,StopWatchTest,101,311,13,13,27,104,13,9,0,9
"commons-lang3 (1) (Apr 4, 2019 12:27:37 AM)/commons-lang3/src/test/java",org.apache.commons.lang3.time,FastDateFormatTest.new Runnable() {...},12,53,1,3,4,10,1,3,0,2
"commons-lang3 (1) (Apr 4, 2019 12:27:37 AM)/commons-lang3/src/test/java",org.apache.commons.lang3.time,DateFormatUtilsTest,0,586,0,0,0,147,0,10,0,10
"commons-lang3 (1) (Apr 4, 2019 12:27:37 AM)/commons-lang3/src/test/java",org.apache.commons.lang3.time,DurationFormatUtilsTest,0,2633,0,14,0,383,0,27,0,20
"commons-lang3 (1) (Apr 4, 2019 12:27:37 AM)/commons-lang3/src/test/java",org.apache.commons.lang3.text.translate,UnicodeUnescaperTest,7,39,0,0,2,14,0,4,0,4
"commons-lang3 (1) (Apr 4, 2019 12:27:37 AM)/commons-lang3/src/test/java",org.apache.commons.lang3.text.translate,NumericEntityEscaperTest,0,63,0,0,0,22,0,5,0,5
"commons-lang3 (1) (Apr 4, 2019 12:27:37 AM)/commons-lang3/src/test/java",org.apache.commons.lang3.text.translate,UnicodeEscaperTest,0,46,0,0,0,16,0,4,0,4
"commons-lang3 (1) (Apr 4, 2019 12:27:37 AM)/commons-lang3/src/test/java",org.apache.commons.lang3.text.translate,OctalUnescaperTest,0,128,0,0,0,39,0,2,0,2
"commons-lang3 (1) (Apr 4, 2019 12:27:37 AM)/commons-lang3/src/test/java",org.apache.commons.lang3.text.translate,LookupTranslatorTest,0,92,0,0,0,13,0,3,0,3
"commons-lang3 (1) (Apr 4, 2019 12:27:37 AM)/commons-lang3/src/test/java",org.apache.commons.lang3.text.translate,NumericEntityUnescaperTest,7,107,0,0,2,27,0,4,0,4
"commons-lang3 (1) (Apr 4, 2019 12:27:37 AM)/commons-lang3/src/test/java",org.apache.commons.lang3.text.translate,EntityArraysTest,54,115,2,6,4,21,2,6,0,4
"commons-lang3 (1) (Apr 4, 2019 12:27:37 AM)/commons-lang3/src/test/java",org.apache.commons.lang3.math,IEEE754rUtilsTest,52,218,0,0,16,31,0,4,0,4
"commons-lang3 (1) (Apr 4, 2019 12:27:37 AM)/commons-lang3/src/test/java",org.apache.commons.lang3.math,NumberUtilsTest,559,4962,278,280,72,866,306,63,28,62
"commons-lang3 (1) (Apr 4, 2019 12:27:37 AM)/commons-lang3/src/test/java",org.apache.commons.lang3.math,FractionTest,564,2983,16,24,144,759,17,29,1,25
"commons-lang3 (1) (Apr 4, 2019 12:27:37 AM)/commons-lang3/src/test/java",org.apache.commons.lang3.reflect.testbed,PubliclyShadowedChild,0,15,0,0,0,5,0,1,0,1
"commons-lang3 (1) (Apr 4, 2019 12:27:37 AM)/commons-lang3/src/test/java",org.apache.commons.lang3.reflect.testbed,GenericParent,4,0,0,0,2,0,2,0,2,0
"commons-lang3 (1) (Apr 4, 2019 12:27:37 AM)/commons-lang3/src/test/java",org.apache.commons.lang3.reflect.testbed,StaticContainer,3,26,0,0,1,14,1,5,1,5
"commons-lang3 (1) (Apr 4, 2019 12:27:37 AM)/commons-lang3/src/test/java",org.apache.commons.lang3.reflect.testbed,Ambig,4,0,0,0,2,0,2,0,2,0
"commons-lang3 (1) (Apr 4, 2019 12:27:37 AM)/commons-lang3/src/test/java",org.apache.commons.lang3.reflect.testbed,StaticContainerChild,3,0,0,0,1,0,1,0,1,0
"commons-lang3 (1) (Apr 4, 2019 12:27:37 AM)/commons-lang3/src/test/java",org.apache.commons.lang3.reflect.testbed,PublicChild,0,3,0,0,0,1,0,1,0,1
"commons-lang3 (1) (Apr 4, 2019 12:27:37 AM)/commons-lang3/src/test/java",org.apache.commons.lang3.reflect.testbed,StringParameterizedChild,7,0,0,0,3,0,2,0,2,0
"commons-lang3 (1) (Apr 4, 2019 12:27:37 AM)/commons-lang3/src/test/java",org.apache.commons.lang3.reflect.testbed,AnotherChild,3,0,0,0,1,0,1,0,1,0
"commons-lang3 (1) (Apr 4, 2019 12:27:37 AM)/commons-lang3/src/test/java",org.apache.commons.lang3.reflect.testbed,AnotherParent,3,0,0,0,1,0,1,0,1,0
"commons-lang3 (1) (Apr 4, 2019 12:27:37 AM)/commons-lang3/src/test/java",org.apache.commons.lang3.reflect.testbed,Grandchild,3,0,0,0,1,0,1,0,1,0
"commons-lang3 (1) (Apr 4, 2019 12:27:37 AM)/commons-lang3/src/test/java",org.apache.commons.lang3.reflect.testbed,PrivatelyShadowedChild,0,15,0,0,0,5,0,1,0,1
"commons-lang3 (1) (Apr 4, 2019 12:27:37 AM)/commons-lang3/src/test/java",org.apache.commons.lang3.reflect.testbed,Parent,1,15,0,0,1,5,1,1,1,1
"commons-lang3 (1) (Apr 4, 2019 12:27:37 AM)/commons-lang3/src/test/java",org.apache.commons.lang3.reflect.testbed,GenericTypeHolder,3,0,0,0,1,0,1,0,1,0
"commons-lang3 (1) (Apr 4, 2019 12:27:37 AM)/commons-lang3/src/test/java",org.apache.commons.lang3.concurrent,MultiBackgroundInitializerTest,49,499,1,9,17,135,3,23,2,19
"commons-lang3 (1) (Apr 4, 2019 12:27:37 AM)/commons-lang3/src/test/java",org.apache.commons.lang3.concurrent,BackgroundInitializerTest.new Thread() {...},5,34,1,1,1,8,1,2,0,2
"commons-lang3 (1) (Apr 4, 2019 12:27:37 AM)/commons-lang3/src/test/java",org.apache.commons.lang3.concurrent,TimedSemaphoreTest.TimedSemaphoreTestImpl,3,46,1,3,0,14,1,7,0,6
"commons-lang3 (1) (Apr 4, 2019 12:27:37 AM)/commons-lang3/src/test/java",org.apache.commons.lang3.concurrent,LazyInitializerTest.LazyInitializerTestImpl,0,4,0,0,0,1,0,1,0,1
"commons-lang3 (1) (Apr 4, 2019 12:27:37 AM)/commons-lang3/src/test/java",org.apache.commons.lang3.concurrent,TimedSemaphoreTest,12,770,3,13,5,195,4,22,1,17
"commons-lang3 (1) (Apr 4, 2019 12:27:37 AM)/commons-lang3/src/test/java",org.apache.commons.lang3.concurrent,BackgroundInitializerTest,31,298,0,2,9,99,0,18,0,17
"commons-lang3 (1) (Apr 4, 2019 12:27:37 AM)/commons-lang3/src/test/java",org.apache.commons.lang3.concurrent,LazyInitializerTest,0,13,0,0,0,4,0,3,0,3
"commons-lang3 (1) (Apr 4, 2019 12:27:37 AM)/commons-lang3/src/test/java",org.apache.commons.lang3.concurrent,AbstractConcurrentInitializerTest,0,112,0,8,0,22,0,8,0,4
"commons-lang3 (1) (Apr 4, 2019 12:27:37 AM)/commons-lang3/src/test/java",org.apache.commons.lang3.concurrent,BackgroundInitializerTest.BackgroundInitializerTestImpl,2,25,0,4,1,8,0,5,0,3
"commons-lang3 (1) (Apr 4, 2019 12:27:37 AM)/commons-lang3/src/test/java",org.apache.commons.lang3.concurrent,AtomicInitializerTest,0,8,0,0,0,2,0,2,0,2
"commons-lang3 (1) (Apr 4, 2019 12:27:37 AM)/commons-lang3/src/test/java",org.apache.commons.lang3.concurrent,CallableBackgroundInitializerTest,9,48,0,0,4,14,1,5,1,5
"commons-lang3 (1) (Apr 4, 2019 12:27:37 AM)/commons-lang3/src/test/java",org.apache.commons.lang3.concurrent,AtomicSafeInitializerTest.AtomicSafeInitializerTestImpl,0,16,0,0,0,4,0,2,0,2
"commons-lang3 (1) (Apr 4, 2019 12:27:37 AM)/commons-lang3/src/test/java",org.apache.commons.lang3.concurrent,AtomicInitializerTest.new AtomicInitializer() {...},0,10,0,0,0,3,0,2,0,2
"commons-lang3 (1) (Apr 4, 2019 12:27:37 AM)/commons-lang3/src/test/java",org.apache.commons.lang3.concurrent,AtomicSafeInitializerTest,0,24,0,0,0,8,0,4,0,4
"commons-lang3 (1) (Apr 4, 2019 12:27:37 AM)/commons-lang3/src/test/java",org.apache.commons.lang3.concurrent,CallableBackgroundInitializerTest.TestCallable,0,8,0,0,0,2,0,1,0,1
"commons-lang3 (1) (Apr 4, 2019 12:27:37 AM)/commons-lang3/src/test/java",org.apache.commons.lang3.concurrent,BasicThreadFactoryTest,19,711,1,5,6,140,4,18,3,16
"commons-lang3 (1) (Apr 4, 2019 12:27:37 AM)/commons-lang3/src/test/java",org.apache.commons.lang3.concurrent,ConcurrentUtilsTest,129,660,0,0,36,194,6,35,6,35
"commons-lang3 (1) (Apr 4, 2019 12:27:37 AM)/commons-lang3/src/test/java",org.apache.commons.lang3.concurrent,ConstantInitializerTest,3,182,3,7,0,42,3,13,0,11
"commons-lang3 (1) (Apr 4, 2019 12:27:37 AM)/commons-lang3/src/test/java",org.apache.commons.lang3.concurrent,MultiBackgroundInitializerTest.ChildBackgroundInitializer,0,20,0,2,0,5,0,2,0,1
"commons-lang3 (1) (Apr 4, 2019 12:27:37 AM)/commons-lang3/src/test/java",org.apache.commons.lang3.concurrent,TimedSemaphoreTest.SemaphoreThread,3,35,0,4,1,12,0,4,0,2
"commons-lang3 (1) (Apr 4, 2019 12:27:37 AM)/commons-lang3/src/test/java",org.apache.commons.lang3.mutable,MutableDoubleTest,18,449,4,4,6,97,5,18,1,18
"commons-lang3 (1) (Apr 4, 2019 12:27:37 AM)/commons-lang3/src/test/java",org.apache.commons.lang3.mutable,MutableByteTest,18,424,4,4,6,90,5,17,1,17
"commons-lang3 (1) (Apr 4, 2019 12:27:37 AM)/commons-lang3/src/test/java",org.apache.commons.lang3.mutable,MutableShortTest,21,417,4,4,6,91,4,15,0,15
"commons-lang3 (1) (Apr 4, 2019 12:27:37 AM)/commons-lang3/src/test/java",org.apache.commons.lang3.mutable,MutableBooleanTest,15,270,1,1,6,59,2,9,1,9
"commons-lang3 (1) (Apr 4, 2019 12:27:37 AM)/commons-lang3/src/test/java",org.apache.commons.lang3.mutable,MutableFloatTest,18,449,4,4,6,97,5,18,1,18
"commons-lang3 (1) (Apr 4, 2019 12:27:37 AM)/commons-lang3/src/test/java",org.apache.commons.lang3.mutable,MutableObjectTest,7,217,5,5,0,46,5,6,0,6
"commons-lang3 (1) (Apr 4, 2019 12:27:37 AM)/commons-lang3/src/test/java",org.apache.commons.lang3.mutable,MutableIntTest,18,435,4,4,6,92,5,18,1,18
"commons-lang3 (1) (Apr 4, 2019 12:27:37 AM)/commons-lang3/src/test/java",org.apache.commons.lang3.mutable,MutableLongTest,18,431,4,4,6,94,5,17,1,17
"commons-lang3 (1) (Apr 4, 2019 12:27:37 AM)/commons-lang3/src/test/java",org.apache.commons.lang3.builder,ToStringBuilderTest.ReflectionTestFixtureA,0,9,0,0,0,3,0,1,0,1
"commons-lang3 (1) (Apr 4, 2019 12:27:37 AM)/commons-lang3/src/test/java",org.apache.commons.lang3.builder,EqualsBuilderTest.TestSubObject,40,18,10,0,7,8,7,4,2,4
"commons-lang3 (1) (Apr 4, 2019 12:27:37 AM)/commons-lang3/src/test/java",org.apache.commons.lang3.builder,HashCodeBuilderAndEqualsBuilderTest.SubTestFixture,0,10,0,0,0,3,0,1,0,1
"commons-lang3 (1) (Apr 4, 2019 12:27:37 AM)/commons-lang3/src/test/java",org.apache.commons.lang3.builder,EqualsBuilderTest.TestEmptySubObject,0,4,0,0,0,2,0,1,0,1
"commons-lang3 (1) (Apr 4, 2019 12:27:37 AM)/commons-lang3/src/test/java",org.apache.commons.lang3.builder,HashCodeBuilderTest.ReflectionTestCycleA,0,8,0,0,0,2,0,2,0,2
"commons-lang3 (1) (Apr 4, 2019 12:27:37 AM)/commons-lang3/src/test/java",org.apache.commons.lang3.builder,ToStringStyleConcurrencyTest,0,96,0,4,0,22,0,8,0,6
"commons-lang3 (1) (Apr 4, 2019 12:27:37 AM)/commons-lang3/src/test/java",org.apache.commons.lang3.builder,ReflectionToStringBuilderConcurrencyTest.new Callable() {...},25,0,2,0,6,0,3,0,2,0
"commons-lang3 (1) (Apr 4, 2019 12:27:37 AM)/commons-lang3/src/test/java",org.apache.commons.lang3.builder,ReflectionToStringBuilderMutateInspectConcurrencyTest.TestFixture,59,0,2,0,12,0,4,0,3,0
"commons-lang3 (1) (Apr 4, 2019 12:27:37 AM)/commons-lang3/src/test/java",org.apache.commons.lang3.builder,ToStringBuilderTest.SelfInstanceTwoVarsReflectionTestFixture,0,14,0,0,0,6,0,3,0,3
"commons-lang3 (1) (Apr 4, 2019 12:27:37 AM)/commons-lang3/src/test/java",org.apache.commons.lang3.builder,CompareToBuilderTest.TestSubObject,30,7,8,0,8,3,6,1,2,1
"commons-lang3 (1) (Apr 4, 2019 12:27:37 AM)/commons-lang3/src/test/java",org.apache.commons.lang3.builder,HashCodeBuilderTest.TestObjectWithMultipleFields,0,21,0,0,0,8,0,1,0,1
"commons-lang3 (1) (Apr 4, 2019 12:27:37 AM)/commons-lang3/src/test/java",org.apache.commons.lang3.builder,ReflectionToStringBuilderMutateInspectConcurrencyTest,49,0,4,0,11,0,4,0,2,0
"commons-lang3 (1) (Apr 4, 2019 12:27:37 AM)/commons-lang3/src/test/java",org.apache.commons.lang3.builder,ReflectionToStringBuilderExcludeTest.TestFixture,0,12,0,0,0,3,0,1,0,1
"commons-lang3 (1) (Apr 4, 2019 12:27:37 AM)/commons-lang3/src/test/java",org.apache.commons.lang3.builder,ReflectionToStringBuilderMutateInspectConcurrencyTest.MutatingClient,26,0,2,0,9,0,3,0,2,0
"commons-lang3 (1) (Apr 4, 2019 12:27:37 AM)/commons-lang3/src/test/java",org.apache.commons.lang3.builder,StandardToStringStyleTest,0,542,0,0,0,74,0,12,0,12
"commons-lang3 (1) (Apr 4, 2019 12:27:37 AM)/commons-lang3/src/test/java",org.apache.commons.lang3.builder,HashCodeBuilderTest,66,1698,0,0,16,244,8,36,8,36
"commons-lang3 (1) (Apr 4, 2019 12:27:37 AM)/commons-lang3/src/test/java",org.apache.commons.lang3.builder,ReflectionToStringBuilderConcurrencyTest.CollectionHolder,6,0,0,0,3,0,1,0,1,0
"commons-lang3 (1) (Apr 4, 2019 12:27:37 AM)/commons-lang3/src/test/java",org.apache.commons.lang3.builder,ToStringBuilderTest.ReflectionTestCycleA,0,6,0,0,0,2,0,2,0,2
"commons-lang3 (1) (Apr 4, 2019 12:27:37 AM)/commons-lang3/src/test/java",org.apache.commons.lang3.builder,CompareToBuilderTest,352,5699,321,373,8,784,319,81,0,53
"commons-lang3 (1) (Apr 4, 2019 12:27:37 AM)/commons-lang3/src/test/java",org.apache.commons.lang3.builder,ToStringStyleTest.Person,0,3,0,0,0,1,0,1,0,1
"commons-lang3 (1) (Apr 4, 2019 12:27:37 AM)/commons-lang3/src/test/java",org.apache.commons.lang3.builder,HashCodeBuilderAndEqualsBuilderTest.SubAllTransientFixture,0,10,0,0,0,3,0,1,0,1
"commons-lang3 (1) (Apr 4, 2019 12:27:37 AM)/commons-lang3/src/test/java",org.apache.commons.lang3.builder,EqualsBuilderTest.TestObjectWithMultipleFields,0,21,0,0,0,5,0,1,0,1
"commons-lang3 (1) (Apr 4, 2019 12:27:37 AM)/commons-lang3/src/test/java",org.apache.commons.lang3.builder,ToStringStyleConcurrencyTest.new Callable() {...},0,29,0,2,0,5,0,3,0,2
"commons-lang3 (1) (Apr 4, 2019 12:27:37 AM)/commons-lang3/src/test/java",org.apache.commons.lang3.builder,ToStringBuilderTest.ReflectionStaticFieldsFixture,0,18,0,0,0,5,0,1,0,1
"commons-lang3 (1) (Apr 4, 2019 12:27:37 AM)/commons-lang3/src/test/java",org.apache.commons.lang3.builder,ToStringBuilderTest,89,4656,10,4,21,497,8,79,1,79
"commons-lang3 (1) (Apr 4, 2019 12:27:37 AM)/commons-lang3/src/test/java",org.apache.commons.lang3.builder,ShortPrefixToStringStyleTest,0,507,0,0,0,62,0,11,0,11
"commons-lang3 (1) (Apr 4, 2019 12:27:37 AM)/commons-lang3/src/test/java",org.apache.commons.lang3.builder,CompareToBuilderTest.TestObject,28,26,6,4,8,6,6,5,3,3
"commons-lang3 (1) (Apr 4, 2019 12:27:37 AM)/commons-lang3/src/test/java",org.apache.commons.lang3.builder,ToStringStyleTest,0,159,0,0,0,49,0,13,0,13
"commons-lang3 (1) (Apr 4, 2019 12:27:37 AM)/commons-lang3/src/test/java",org.apache.commons.lang3.builder,ToStringBuilderTest.ObjectCycle,0,12,0,0,0,2,0,2,0,2
"commons-lang3 (1) (Apr 4, 2019 12:27:37 AM)/commons-lang3/src/test/java",org.apache.commons.lang3.builder,NoFieldNamesToStringStyleTest,0,806,0,0,0,62,0,11,0,11
"commons-lang3 (1) (Apr 4, 2019 12:27:37 AM)/commons-lang3/src/test/java",org.apache.commons.lang3.builder,HashCodeBuilderTest.TestObject,32,6,6,0,10,3,7,1,4,1
"commons-lang3 (1) (Apr 4, 2019 12:27:37 AM)/commons-lang3/src/test/java",org.apache.commons.lang3.builder,HashCodeBuilderAndEqualsBuilderTest,0,137,1,1,0,32,1,8,0,8
"commons-lang3 (1) (Apr 4, 2019 12:27:37 AM)/commons-lang3/src/test/java",org.apache.commons.lang3.builder,HashCodeBuilderTest.TestSubObject,38,10,8,0,9,4,7,1,3,1
"commons-lang3 (1) (Apr 4, 2019 12:27:37 AM)/commons-lang3/src/test/java",org.apache.commons.lang3.builder,ToStringBuilderTest.ReflectionTestCycleB,0,6,0,0,0,2,0,2,0,2
"commons-lang3 (1) (Apr 4, 2019 12:27:37 AM)/commons-lang3/src/test/java",org.apache.commons.lang3.builder,HashCodeBuilderAndEqualsBuilderTest.AllTransientFixture,0,15,0,0,0,6,0,1,0,1
"commons-lang3 (1) (Apr 4, 2019 12:27:37 AM)/commons-lang3/src/test/java",org.apache.commons.lang3.builder,EqualsBuilderTest.TestTTLeafObject,0,9,0,0,0,3,0,1,0,1
"commons-lang3 (1) (Apr 4, 2019 12:27:37 AM)/commons-lang3/src/test/java",org.apache.commons.lang3.builder,EqualsBuilderTest.TestACanEqualB,17,28,5,5,3,9,5,4,1,3
"commons-lang3 (1) (Apr 4, 2019 12:27:37 AM)/commons-lang3/src/test/java",org.apache.commons.lang3.builder,ToStringBuilderTest.Outer.Inner,0,9,0,0,0,2,0,2,0,2
"commons-lang3 (1) (Apr 4, 2019 12:27:37 AM)/commons-lang3/src/test/java",org.apache.commons.lang3.builder,CompareToBuilderTest.TestTransientSubObject,0,7,0,0,0,3,0,1,0,1
"commons-lang3 (1) (Apr 4, 2019 12:27:37 AM)/commons-lang3/src/test/java",org.apache.commons.lang3.builder,ToStringBuilderTest.SimpleReflectionStaticFieldsFixture,0,6,0,0,0,1,0,1,0,1
"commons-lang3 (1) (Apr 4, 2019 12:27:37 AM)/commons-lang3/src/test/java",org.apache.commons.lang3.builder,ToStringStyleConcurrencyTest.CollectionHolder,0,6,0,0,0,3,0,1,0,1
"commons-lang3 (1) (Apr 4, 2019 12:27:37 AM)/commons-lang3/src/test/java",org.apache.commons.lang3.builder,ToStringBuilderTest.SimpleReflectionTestFixture,0,12,0,0,0,6,0,3,0,3
"commons-lang3 (1) (Apr 4, 2019 12:27:37 AM)/commons-lang3/src/test/java",org.apache.commons.lang3.builder,HashCodeBuilderAndEqualsBuilderTest.TestFixture,0,15,0,0,0,6,0,1,0,1
"commons-lang3 (1) (Apr 4, 2019 12:27:37 AM)/commons-lang3/src/test/java",org.apache.commons.lang3.builder,ToStringBuilderTest.SelfInstanceVarReflectionTestFixture,0,9,0,0,0,4,0,2,0,2
"commons-lang3 (1) (Apr 4, 2019 12:27:37 AM)/commons-lang3/src/test/java",org.apache.commons.lang3.builder,ToStringBuilderTest.ReflectionTestFixtureB,0,9,0,0,0,3,0,1,0,1
"commons-lang3 (1) (Apr 4, 2019 12:27:37 AM)/commons-lang3/src/test/java",org.apache.commons.lang3.builder,ToStringBuilderTest.InheritedReflectionStaticFieldsFixture,0,7,0,0,0,1,0,1,0,1
"commons-lang3 (1) (Apr 4, 2019 12:27:37 AM)/commons-lang3/src/test/java",org.apache.commons.lang3.builder,MultiLineToStringStyleTest,0,1130,0,0,0,62,0,11,0,11
"commons-lang3 (1) (Apr 4, 2019 12:27:37 AM)/commons-lang3/src/test/java",org.apache.commons.lang3.builder,EqualsBuilderTest.TestObjectReference,0,19,0,0,0,6,0,3,0,3
"commons-lang3 (1) (Apr 4, 2019 12:27:37 AM)/commons-lang3/src/test/java",org.apache.commons.lang3.builder,HashCodeBuilderTest.ReflectionTestCycleB,0,8,0,0,0,2,0,2,0,2
"commons-lang3 (1) (Apr 4, 2019 12:27:37 AM)/commons-lang3/src/test/java",org.apache.commons.lang3.builder,SimpleToStringStyleTest,0,502,0,0,0,60,0,11,0,11
"commons-lang3 (1) (Apr 4, 2019 12:27:37 AM)/commons-lang3/src/test/java",org.apache.commons.lang3.builder,ToStringBuilderTest.Outer,0,12,0,0,0,3,0,2,0,2
"commons-lang3 (1) (Apr 4, 2019 12:27:37 AM)/commons-lang3/src/test/java",org.apache.commons.lang3.builder,EqualsBuilderTest.TestBCanEqualA,20,25,6,4,4,8,5,4,1,3
"commons-lang3 (1) (Apr 4, 2019 12:27:37 AM)/commons-lang3/src/test/java",org.apache.commons.lang3.builder,DefaultToStringStyleTest,0,806,0,0,0,62,0,11,0,11
"commons-lang3 (1) (Apr 4, 2019 12:27:37 AM)/commons-lang3/src/test/java",org.apache.commons.lang3.builder,EqualsBuilderTest,172,3828,90,142,0,632,90,77,0,51
"commons-lang3 (1) (Apr 4, 2019 12:27:37 AM)/commons-lang3/src/test/java",org.apache.commons.lang3.builder,ReflectionToStringBuilderConcurrencyTest.new Callable() {...},27,0,2,0,5,0,3,0,2,0
"commons-lang3 (1) (Apr 4, 2019 12:27:37 AM)/commons-lang3/src/test/java",org.apache.commons.lang3.builder,EqualsBuilderTest.TestObject,7,40,2,6,1,14,3,7,1,5
"commons-lang3 (1) (Apr 4, 2019 12:27:37 AM)/commons-lang3/src/test/java",org.apache.commons.lang3.builder,EqualsBuilderTest.TestTTSubObject,0,8,0,0,0,3,0,1,0,1
"commons-lang3 (1) (Apr 4, 2019 12:27:37 AM)/commons-lang3/src/test/java",org.apache.commons.lang3.builder,ReflectionToStringBuilderExcludeTest,3,204,3,3,0,50,3,15,0,15
"commons-lang3 (1) (Apr 4, 2019 12:27:37 AM)/commons-lang3/src/test/java",org.apache.commons.lang3.builder,ToStringBuilderTest.MultiLineTestObject,0,20,0,0,0,3,0,2,0,2
"commons-lang3 (1) (Apr 4, 2019 12:27:37 AM)/commons-lang3/src/test/java",org.apache.commons.lang3.builder,ReflectionToStringBuilderConcurrencyTest,96,0,4,0,20,0,7,0,5,0
"commons-lang3 (1) (Apr 4, 2019 12:27:37 AM)/commons-lang3/src/test/java",org.apache.commons.lang3.builder,EqualsBuilderTest.TestTSubObject,0,7,0,0,0,3,0,1,0,1
"commons-lang3 (1) (Apr 4, 2019 12:27:37 AM)/commons-lang3/src/test/java",org.apache.commons.lang3.builder,ReflectionToStringBuilderMutateInspectConcurrencyTest.InspectingClient,14,0,0,0,5,0,2,0,2,0
"commons-lang3 (1) (Apr 4, 2019 12:27:37 AM)/commons-lang3/src/test/java",org.apache.commons.lang3.builder,EqualsBuilderTest.TestTSubObject2,11,0,0,0,5,0,3,0,3,0
